,color
0,אפור מטל
1,לבן
2,שחור
3,שחור מטלי
4,אפור
5,שחור מטלי
6,שנהב לבן
7,שחור
8,שחור
9,שחור
10,שחור
11,כסוף
12,כסף
13,שנהב לבן
14,חום בהיר
15,אפור מטל
16,שנהב לבן
17,שנהב לבן
18,כסף מטלי
19,שחור מטאלי
20,שנהב לבן
21,שנהב לבן
22,שחור מטלי
23,כסף
24,שנהב לבן
25,אפור כהה מטלי
26,שנהב לבן
27,לבן
28,אפור מטל
29,קפה מטאלי
30,שנהב לבן
31,שנהב לבן
32,לבן
33,שנהב לבן
34,לבן
35,אפור
36,כסף מטלי
37,שנהב לבן
38,אפור כהה
39,אפור
40,כסף מטלי
41,לבן
42,אפור כהה
43,אפור מטאלי
44,שנהב לבן
45,אפור מטל
46,שנהב לבן
47,אפור מטל
48,שנהב לבן
49,תכלת
50,אפור מטל
51,אפור מטל
52,שנהב לבן
53,שנהב לבן
54,שחור מטלי
55,כסף מטלי
56,שנהב לבן
57,שחור
58,בורדו מטל
59,שחור מטלי
60,אפור מטל
61,שנהב לבן
62,כסף
63,שחור
64,שנהב לבן
65,אפור
66,שנהב לבן
67,שנהב לבן
68,שנהב לבן
69,תכלת מטאלי
70,אפור מטל
71,כסוף בהיר
72,שחור
73,שנהב לבן
74,אפור כהה מטלי
75,כסוף כהה מטלי
76,שנהב לבן
77,שחור
78,שחור
79,שנהב לבן
80,כסוף
81,שנהב לבן
82,שנהב לבן
83,שחור מטלי
84,כסף
85,ברונזה
86,אפור מטל
87,שנהב לבן
88,שנהב לבן
89,בז מטאלי
90,שנהב לבן
91,אדום
92,לבן
93,שנהב לבן
94,כסף
95,אפור מטל
96,לבן
97,שנהב לבן
98,שנהב לבן
99,שנהב לבן
100,אפור
101,כסף
102,שחור
103,שחור
104,שנהב לבן
105,כסף מטלי
106,אפור כהה
107,אפור בהיר מטלי
108,שחור
109,שנהב לבן
110,שחור מטלי
111,לבן
112,לבן
113,שחור מטלי
114,לבן
115,שנהב לבן
116,לבן
117,בורדו
118,אפור כהה
119,אדום
120,אפור
121,שנהב לבן
122,כסף
123,שנהב לבן
124,לבן
125,שנהב לבן
126,שנהב לבן
127,אפור כהה מטלי
128,שנהב לבן
129,שנהב לבן
130,שנהב לבן
131,אפור
132,שנהב לבן
133,אפור
134,שנהב לבן
135,שנהב לבן
136,שנהב לבן
137,לבן
138,בז מטאלי
139,שנהב לבן
140,בז מטאלי
141,כסוף כהה
142,שנהב לבן
143,כסף מטלי
144,כסף מטלי
145,שנהב לבן
146,קרם
147,אפור
148,שנהב לבן
149,שנהב לבן
150,שנהב לבן
151,שנהב לבן
152,לבן
153,אפור מטל
154,שנהב לבן
155,לבן
156,שחור
157,שנהב לבן
158,תכלת מטאלי
159,אפור כהה מטלי
160,שנהב לבן
161,אפור
162,שנהב לבן
163,שנהב לבן
164,שחור מטלי
165,שחור מטלי
166,שחור מטלי
167,כסוף כהה מטלי
168,שחור מטלי
169,אפור כהה מטלי
170,אפור
171,שנהב לבן
172,שנהב לבן
173,שחור
174,שחור
175,שנהב לבן
176,שנהב לבן
177,שנהב לבן
178,שנהב לבן
179,אדום מטל
180,אפור כהה
181,שנהב לבן
182,שנהב לבן
183,כסף מטלי
184,כסוף
185,שחור מטלי
186,שנהב לבן
187,כסף מטלי
188,שנהב לבן
189,שנהב לבן
190,כסף
191,אפור מטל
192,שנהב לבן
193,אפור
194,שחור
195,בז מטאלי
196,שנהב לבן
197,כסוף
198,לבן
199,כסף
200,שנהב לבן
201,שנהב לבן
202,לבן
203,שחור
204,לבן
205,שנהב לבן
206,שנהב לבן
207,לבן
208,כסף מטלי
209,שנהב לבן
210,שנהב לבן
211,אפור כהה
212,שחור מטלי
213,כסף
214,כסף
215,אפור כהה
216,אפור מטל
217,אפור
218,שנהב לבן
219,שחור מטלי
220,לבן
221,שחור
222,שחור
223,אפור מטל
224,לבן
225,שנהב לבן
226,כסף
227,אפור
228,כסף
229,שנהב לבן
230,שחור
231,שנהב לבן
232,כסף
233,כסף מטלי
234,כסף
235,אדום כהה (יין)
236,לבן
237,שנהב לבן
238,שנהב לבן
239,סגול
240,שנהב לבן
241,לבן
242,שנהב לבן
243,שחור
244,שנהב לבן
245,אפור
246,סגול
247,שנהב לבן
248,שנהב לבן
249,שנהב לבן
250,שחור מטלי
251,אפור פלדה
252,שחור
253,כסוף כהה
254,שנהב לבן
255,לבן
256,שחור
257,כסף
258,אדום
259,כסף מטלי
260,שנהב לבן
261,שנהב לבן
262,שחור
263,אפור
264,אפור
265,שחור
266,שנהב לבן
267,שחור
268,אפור מטל
269,שנהב לבן
270,כתום
271,כסוף מטאלי
272,שחור
273,שנהב לבן
274,תכלת
275,שנהב לבן
276,שנהב לבן
277,שנהב לבן
278,שנהב לבן
279,כחול מטל
280,שנהב לבן
281,אפור מטל
282,אפור מטל
283,לבן
284,שנהב לבן
285,שנהב לבן
286,שחור
287,שנהב לבן
288,כסף מטלי
289,שחור
290,שחור
291,אפור מטל
292,אדום
293,שנהב לבן
294,שנהב לבן
295,שחור
296,שנהב לבן
297,אפור כהה מטלי
298,אפור
299,שנהב לבן
300,שחור
301,שנהב לבן
302,שנהב לבן
303,שחור
304,שחור מטלי
305,אפור
306,שנהב לבן
307,כתום
308,שחור
309,לבן
310,לבן
311,שנהב לבן
312,שנהב לבן
313,כסף מטלי
314,שנהב לבן
315,כחול
316,לבן
317,כחול בהיר
318,שחור
319,שן פיל
320,שנהב לבן
321,כחול קריסטל
322,שנהב לבן
323,שחור
324,שנהב לבן
325,שחור
326,אפור פלדה
327,שנהב לבן
328,שחור
329,אפור מטל
330,שחור
331,שנהב לבן
332,כסוף כהה
333,שחור
334,שנהב לבן
335,שנהב לבן
336,אדום
337,שנהב לבן
338,אפור מטאלי
339,לבן
340,כחול
341,שנהב לבן
342,אפור
343,שנהב לבן
344,שחור
345,כסף
346,שנהב לבן
347,כסף
348,כסוף כהה מטלי
349,שנהב לבן
350,בז
351,שנהב לבן
352,שנהב לבן
353,אפור מטל
354,שחור מטלי
355,שנהב לבן
356,ורוד
357,שנהב לבן
358,שחור
359,כסף מטלי
360,שנהב לבן
361,כחול מטל
362,שנהב לבן
363,אפור
364,שנהב לבן
365,שנהב לבן
366,לבן
367,שחור
368,אדום מטל
369,אפור
370,שנהב לבן
371,שנהב לבן
372,שנהב לבן
373,שנהב לבן
374,כסף
375,לבן
376,אדום
377,שחור
378,שנהב לבן
379,לבן
380,שנהב לבן
381,שנהב לבן
382,שנהב לבן
383,ירוק
384,כסף מטלי
385,שחור
386,שנהב לבן
387,שנהב לבן
388,שנהב לבן
389,שנהב לבן
390,אפור מטל
391,שנהב לבן
392,אפור כהה
393,שנהב לבן
394,כסף מטלי
395,שחור
396,שחור
397,שנהב לבן
398,שנהב לבן
399,כסף
400,אדום מטאלי
401,שחור מטלי
402,שחור
403,אדום מטל
404,שחור
405,שנהב לבן
406,שנהב לבן
407,שנהב לבן
408,שנהב לבן
409,שנהב לבן
410,כחול מטל
411,שנהב לבן
412,שנהב לבן
413,לבן
414,שנהב לבן
415,שנהב לבן
416,אפור
417,ירקרק בהיר
418,כסף
419,כסף מטלי
420,אפור מטאלי
421,שנהב לבן
422,לבן
423,שנהב לבן
424,שנהב לבן
425,זהב מטאלי
426,אדום מטל
427,אפור פלדה
428,אפור
429,קפה מטאלי
430,לבן
431,שחור
432,שנהב לבן
433,שן פיל
434,אפור
435,כסף מטלי
436,שנהב לבן
437,שנהב לבן
438,לבן
439,אפור
440,כסף מטלי
441,שנהב לבן
442,שנהב לבן
443,שחור מטלי
444,אפור
445,שחור מטלי
446,אפור מטל
447,שנהב לבן
448,אפור מטל
449,כסוף כהה
450,אפור
451,תכלת מטאלי
452,אדום
453,אפור מטל
454,אפור מטל
455,שנהב לבן
456,שנהב לבן
457,קפה מטאלי
458,אפור מטאלי
459,אפור
460,כסף
461,לבן
462,כסף תכלת מטלי
463,שנהב לבן
464,שנהב לבן
465,שנהב לבן
466,כסוף כהה מטלי
467,כסף
468,חום
469,אדום מטל
470,כחול
471,אפור
472,כסף
473,שחור
474,לבן
475,כחול פחם מטלי
476,שנהב לבן
477,לבן
478,שנהב לבן
479,שחור
480,שנהב לבן
481,לבן
482,שנהב לבן
483,שחור מטלי
484,כסף מטלי
485,שחור
486,שנהב לבן
487,שנהב לבן
488,שחור
489,אפור מטל
490,שחור
491,כסף מטלי
492,שנהב לבן
493,כסוף כהה מטלי
494,כסף
495,שנהב לבן
496,אפור
497,שנהב לבן
498,שנהב לבן
499,שנהב לבן
500,שחור
501,שחור מטלי
502,שחור מטלי
503,כסוף
504,שנהב לבן
505,שחור
506,אדום מטל
507,שחור
508,שנהב לבן
509,אפור כהה
510,אפור מטל
511,כסף
512,כחול
513,שחור מטלי
514,שחור
515,אפור כהה מטלי
516,שנהב לבן
517,שנהב לבן
518,אדום מטל
519,כסוף
520,שחור
521,לבן
522,שנהב לבן
523,שחור
524,שנהב לבן
525,כסף מטלי
526,שחור
527,שנהב לבן
528,לבן
529,אפור כהה
530,שנהב לבן
531,אפור פלדה
532,שנהב לבן
533,שנהב לבן
534,שחור
535,אפור
536,כסף מטלי
537,כסף
538,כסוף כהה מטלי
539,כסף מטלי
540,כסף
541,כסף מטלי
542,אפור
543,זהב
544,כחול
545,שנהב לבן
546,שנהב לבן
547,שנהב לבן
548,סגול כהה
549,לבן
550,שנהב לבן
551,שנהב לבן
552,שחור
553,לבן
554,שחור מטלי
555,שחור
556,שנהב לבן
557,שנהב לבן
558,אפור
559,שחור
560,אפור
561,לבן
562,שנהב לבן
563,שנהב לבן
564,שנהב לבן
565,שחור
566,אפור
567,כסוף
568,שחור מטלי
569,כסף מטלי
570,שנהב לבן
571,אפור מטל
572,שנהב לבן
573,קפה מטאלי
574,כתום
575,שחור
576,אפור
577,אפור כהה
578,כסף
579,שחור
580,שחור פנינה
581,כסוף כהה
582,כתום
583,לבן
584,שנהב לבן
585,שנהב לבן
586,אפור
587,בז
588,שנהב לבן
589,שנהב לבן
590,אפור
591,שחור
592,ברונזה
593,לבן
594,ירקרק מטלי
595,כסף מטלי
596,שנהב לבן
597,שחור
598,שחור
599,שחור
600,שנהב לבן
601,שנהב לבן
602,אפור מטל
603,אפור
604,כסף מטלי
605,צהוב מטאלי
606,שחור מטלי
607,שנהב לבן
608,אפור מטל
609,שחור
610,כסף מטלי
611,כסף
612,כסף מטלי
613,לבן
614,שנהב לבן
615,שנהב לבן
616,אפור
617,שנהב לבן
618,שחור מטלי
619,אפור בהיר
620,שחור
621,כתום
622,אפור מטאלי
623,כסף מטלי
624,שנהב לבן
625,שחור
626,שנהב לבן
627,שחור
628,אפור בהיר מטלי
629,שנהב לבן
630,כסף
631,שחור מטלי
632,שנהב לבן
633,כסף
634,לבן
635,אפור
636,שחור
637,כסף
638,לבן
639,אפור פלדה
640,כחול מטל
641,שנהב לבן
642,שנהב לבן
643,כסוף כהה מטלי
644,לבן
645,כחול
646,כסף
647,אפור מטל
648,שנהב לבן
649,שנהב לבן
650,תכלת מטאלי
651,שנהב לבן
652,אפור
653,אפור מטל
654,שנהב לבן
655,שנהב לבן
656,שנהב לבן
657,שנהב לבן
658,שנהב לבן
659,שנהב לבן
660,אפור כהה מטלי
661,אפור
662,שנהב לבן
663,שנהב לבן
664,אפור מטאלי
665,שנהב לבן
666,שנהב לבן
667,אפור כהה
668,כסף מטלי
669,שנהב לבן
670,שנהב לבן
671,כסף
672,שנהב לבן
673,שנהב לבן
674,שנהב לבן
675,בז
676,אפור מטל
677,לבן
678,כסף מטלי
679,כחול
680,שנהב לבן
681,כסף
682,שנהב לבן
683,אפור כהה
684,שנהב לבן
685,שנהב לבן
686,שנהב לבן
687,שחור
688,אפור מטאלי
689,שנהב לבן
690,אפור כהה
691,כסף
692,שחור
693,אדום
694,אפור כהה
695,כסף מטלי
696,כחול
697,שנהב לבן
698,שחור
699,שנהב לבן
700,אפור כהה מטלי
701,שנהב לבן
702,כסף כחלחל מטלי
703,שנהב לבן
704,אפור
705,שחור
706,אפור כהה מטלי
707,אדום מטל
708,כסוף בהיר
709,אפור
710,אפור
711,שנהב לבן
712,שנהב לבן
713,כחול מטל
714,שנהב לבן
715,אפור
716,שנהב לבן
717,אפור בהיר מטלי
718,אפור
719,שנהב לבן
720,שנהב לבן
721,שחור מטלי
722,שנהב לבן
723,שנהב לבן
724,שנהב לבן
725,שנהב לבן
726,שחור מטלי
727,אפור
728,אפור
729,כסף מטלי
730,כחול מטל
731,לבן
732,שחור
733,אפור מטל
734,אפור כהה מטלי
735,שנהב לבן
736,שנהב לבן
737,לבן
738,כסף
739,אפור כהה
740,שחור פנינה
741,שנהב לבן
742,שחור מטלי
743,שנהב לבן
744,כסף
745,אדום
746,שחור
747,שנהב לבן
748,כחול מטל
749,כחול מטל
750,כסף
751,לבן
752,שחור
753,שנהב לבן
754,אפור
755,שנהב לבן
756,אפור
757,שנהב לבן
758,שנהב לבן
759,לבן
760,כסף
761,כסף מטלי
762,אפור בהיר מטלי
763,שחור
764,אפור
765,כסף מטלי
766,שחור
767,שחור
768,קפה מטאלי
769,שנהב לבן
770,שחור
771,שנהב לבן
772,אפור
773,שנהב לבן
774,שחור
775,כסוף כהה
776,אפור
777,שנהב לבן
778,שנהב לבן
779,שנהב לבן
780,שנהב לבן
781,שנהב לבן
782,ברונזה
783,שנהב לבן
784,אדום
785,שנהב לבן
786,כסף מטאלי
787,אפור כהה מטלי
788,שנהב לבן
789,שנהב לבן
790,שחור
791,לבן
792,שנהב לבן
793,שחור מטלי
794,שחור מטלי
795,כסף
796,כסוף כהה
797,שנהב לבן
798,שנהב לבן
799,אפור
800,שן פיל
801,לבן
802,שנהב לבן
803,שנהב לבן
804,כסף מטלי
805,שנהב לבן
806,שנהב לבן
807,אפור מטל
808,אפור מטל
809,שחור מטלי
810,אפור
811,כסף
812,כסף
813,קרם
814,אפור
815,כסף מטלי
816,אפור
817,כסף
818,כסף מטלי
819,שנהב לבן
820,שנהב לבן
821,כסף מטלי
822,שנהב לבן
823,שנהב לבן
824,שחור
825,אפור מטל
826,שנהב לבן
827,אפור כהה
828,שנהב לבן
829,שנהב לבן
830,לבן
831,כסף מטלי
832,כסף
833,שנהב לבן
834,שחור מטלי
835,כסוף
836,כסף מטלי
837,כסוף כהה
838,לבן
839,אפור
840,צהוב מטאלי
841,שנהב לבן
842,אדום
843,כסף מטלי
844,כסף
845,שחור
846,אפור
847,שחור מטלי
848,שנהב לבן
849,שחור
850,שנהב לבן
851,שנהב לבן
852,שנהב לבן
853,שנהב לבן
854,אפור מטל
855,שנהב לבן
856,לבן
857,שחור
858,שנהב לבן
859,שנהב לבן
860,שנהב לבן
861,כחול כהה
862,שנהב לבן
863,כסף
864,כסף
865,שנהב לבן
866,שנהב לבן
867,שחור
868,לבן
869,שחור
870,קרם
871,אפור
872,כסף
873,שנהב לבן
874,שנהב לבן
875,כחול מטל
876,שנהב לבן
877,שנהב לבן
878,כסוף מטאלי
879,שנהב לבן
880,שנהב לבן
881,לבן
882,שחור מטלי
883,שחור
884,שחור
885,שחור מטלי
886,שנהב לבן
887,שנהב לבן
888,שנהב לבן
889,כסף
890,אפור כהה
891,תכלת
892,שחור
893,שחור
894,כסף מטלי
895,כסף
896,בורדו מטל
897,שחור
898,אפור מטל
899,שנהב לבן
900,בז
901,שחור
902,שנהב לבן
903,שנהב לבן
904,שנהב לבן
905,כסף
906,שנהב לבן
907,שנהב לבן
908,שנהב לבן
909,שחור
910,שנהב לבן
911,שחור
912,אפור כהה
913,אפור מטל
914,שנהב לבן
915,שחור מטלי
916,שנהב לבן
917,אפור
918,שנהב לבן
919,כחול מטל
920,שנהב לבן
921,אפור מטל
922,שנהב לבן
923,אפור
924,שנהב לבן
925,שחור מטלי
926,אפור
927,שנהב לבן
928,שחור
929,שנהב לבן
930,כחול קריסטל
931,אפור כהה
932,שנהב לבן
933,שנהב לבן
934,כסף
935,שחור מטלי
936,שנהב לבן
937,לבן
938,שחור
939,שנהב לבן
940,כסוף כהה
941,שחור
942,אדום
943,שחור מטלי
944,שנהב לבן
945,לבן
946,שנהב לבן
947,אפור מטל
948,שנהב לבן
949,שנהב לבן
950,לבן
951,שנהב לבן
952,אפור
953,שנהב לבן
954,שנהב לבן
955,שנהב לבן
956,אפור מטל
957,שחור מטלי
958,שנהב לבן
959,אפור פלדה
960,קפה מטאלי
961,לבן
962,כסף
963,שנהב לבן
964,שחור
965,כסף
966,תכלת מטאלי
967,תכלת
968,אפור מטל
969,לבן
970,אפור
971,שנהב לבן
972,שנהב לבן
973,אפור כהה
974,אדום
975,שנהב לבן
976,שנהב לבן
977,שחור
978,שנהב לבן
979,שחור
980,לבן
981,שנהב לבן
982,לבן
983,לבן
984,שנהב לבן
985,אפור
986,שנהב לבן
987,שנהב לבן
988,שנהב לבן
989,שנהב לבן
990,שנהב לבן
991,פלטינה
992,שנהב לבן
993,שנהב לבן
994,כסף
995,לבן
996,שחור מטלי
997,שנהב לבן
998,שנהב לבן
999,כסף מטלי
1000,שנהב לבן
1001,ברונזה
1002,כתום
1003,שחור
1004,שנהב לבן
1005,שחור מטלי
1006,שנהב לבן
1007,שנהב לבן
1008,אפור כהה
1009,שנהב לבן
1010,שנהב לבן
1011,לבן
1012,אפור
1013,שחור
1014,שחור מטלי
1015,שנהב לבן
1016,כסף
1017,שחור
1018,שחור
1019,שנהב לבן
1020,כסף
1021,שחור מטלי
1022,שנהב לבן
1023,שחור
1024,אפור מטל
1025,קפה מטאלי
1026,כסף
1027,אפור
1028,שנהב לבן
1029,שנהב לבן
1030,שנהב לבן
1031,כסף
1032,שנהב לבן
1033,אפור
1034,כסוף
1035,אפור בהיר מטלי
1036,לבן
1037,שחור
1038,כסוף כהה
1039,שנהב לבן
1040,שחור
1041,שנהב לבן
1042,בורדו מטל
1043,שנהב לבן
1044,לבן
1045,כחול בהיר
1046,אפור
1047,אפור
1048,לבן
1049,שחור
1050,שנהב לבן
1051,אפור
1052,שנהב לבן
1053,אפור מטל
1054,שחור מטלי
1055,כסף מטלי
1056,כתום
1057,אפור
1058,כסף מטלי
1059,תכלת מטאלי
1060,שנהב לבן
1061,אדום
1062,שנהב לבן
1063,אפור
1064,שנהב לבן
1065,שנהב לבן
1066,שחור
1067,שנהב לבן
1068,שחור
1069,אפור מטל
1070,שנהב לבן
1071,שנהב לבן
1072,שנהב לבן
1073,אפור מטל
1074,שנהב לבן
1075,שנהב לבן
1076,שנהב לבן
1077,אפור
1078,שנהב לבן
1079,צהוב מטאלי
1080,שנהב לבן
1081,אפור
1082,כסף
1083,אפור מטל
1084,שנהב לבן
1085,כסף
1086,כסוף
1087,כסוף
1088,כסף
1089,אפור כהה
1090,כחול
1091,שנהב לבן
1092,שנהב לבן
1093,שחור
1094,אפור כהה מטלי
1095,שנהב לבן
1096,שחור מטלי
1097,שחור מטלי
1098,שחור מטלי
1099,שנהב לבן
1100,לבן
1101,שחור
1102,שנהב לבן
1103,שנהב לבן
1104,אפור כהה
1105,בז
1106,אדום
1107,שחור
1108,שחור מטלי
1109,שנהב לבן
1110,לבן
1111,לבן
1112,שחור מטלי
1113,שנהב לבן
1114,שנהב לבן
1115,שנהב לבן
1116,אפור פלדה
1117,שנהב לבן
1118,שנהב לבן
1119,שנהב לבן
1120,שנהב לבן
1121,כסף מטלי
1122,שחור מטלי
1123,כסף מטלי
1124,שנהב לבן
1125,שחור
1126,שחור
1127,שחור
1128,פלטינה
1129,שחור
1130,שחור מטלי
1131,שחור
1132,לבן
1133,שנהב לבן
1134,שנהב לבן
1135,שחור מטלי
1136,שנהב לבן
1137,שנהב לבן
1138,שחור
1139,שנהב לבן
1140,שנהב לבן
1141,כסוף כהה
1142,כסף מטלי
1143,שחור
1144,שנהב לבן
1145,שחור
1146,שחור מטלי
1147,אפור
1148,בז
1149,אפור כהה
1150,שחור מטלי
1151,אפור
1152,כסוף כהה
1153,שחור מטלי
1154,שנהב לבן
1155,שנהב לבן
1156,שנהב לבן
1157,שנהב לבן
1158,בז מטאלי
1159,שחור
1160,שחור מטלי
1161,שנהב לבן
1162,כסף מטלי
1163,שנהב לבן
1164,שנהב לבן
1165,שחור מטלי
1166,שנהב לבן
1167,כסף מטלי
1168,לבן
1169,שחור
1170,שנהב לבן
1171,כסוף כהה
1172,אפור כהה
1173,שחור מטלי
1174,לבן
1175,כסף
1176,שנהב לבן
1177,שחור
1178,שנהב לבן
1179,לבן
1180,אפור
1181,אדום
1182,תכלת מטאלי
1183,כחול
1184,שנהב לבן
1185,אפור בהיר
1186,שנהב לבן
1187,שחור
1188,שחור
1189,שחור
1190,שחור מטלי
1191,לבן
1192,אפור בהיר מטלי
1193,שנהב לבן
1194,לבן
1195,שנהב לבן
1196,כסף מטלי
1197,שנהב לבן
1198,שנהב לבן
1199,לבן
1200,כחול
1201,שנהב לבן
1202,לבן
1203,כסף מטלי
1204,שנהב לבן
1205,לבן
1206,שנהב לבן
1207,אפור כהה
1208,לבן
1209,כסף
1210,שנהב לבן
1211,שנהב לבן
1212,אפור
1213,אפור
1214,כסף מטלי
1215,פלטינה
1216,כסף
1217,שחור מטלי
1218,לבן
1219,כסוף בהיר
1220,אפור מטאלי
1221,אדום מטל
1222,שנהב לבן
1223,שחור מטלי
1224,שנהב לבן
1225,שנהב לבן
1226,רב גווני
1227,שחור
1228,שנהב לבן
1229,כסף
1230,תכלת מטאלי
1231,אפור כהה מטלי
1232,אפור
1233,לבן
1234,שנהב לבן
1235,שחור
1236,שנהב לבן
1237,שנהב לבן
1238,שנהב לבן
1239,שחור מטלי
1240,אפור בהיר מטלי
1241,לבן
1242,שנהב לבן
1243,שנהב לבן
1244,שחור
1245,כסוף כהה מטלי
1246,תכלת
1247,שנהב לבן
1248,שנהב לבן
1249,שחור מטלי
1250,לבן
1251,שחור
1252,כסף מטלי
1253,לבן
1254,שחור
1255,שנהב לבן
1256,אפור מטל
1257,אפור
1258,לבן
1259,שנהב לבן
1260,שנהב לבן
1261,שנהב לבן
1262,כסף
1263,שנהב לבן
1264,אפור
1265,תכלת
1266,כחול
1267,שנהב לבן
1268,אפור
1269,שחור מטלי
1270,שנהב לבן
1271,כסף
1272,אדום
1273,לבן
1274,אפור מטל
1275,כסף
1276,חום
1277,בז מטאלי
1278,שנהב לבן
1279,אפור כהה מטלי
1280,אפור
1281,שנהב לבן
1282,אפור
1283,שנהב לבן
1284,כסף מטלי
1285,אפור
1286,שחור
1287,שנהב לבן
1288,שנהב לבן
1289,לבן
1290,שנהב לבן
1291,אפור כהה
1292,שנהב לבן
1293,אדום מטל
1294,אפור מטל
1295,אפור פלדה
1296,כסף מטלי
1297,כסוף
1298,שנהב לבן
1299,שנהב לבן
1300,שחור מטלי
1301,שנהב לבן
1302,שנהב לבן
1303,לא ידוע
1304,שנהב לבן
1305,כסף מטלי
1306,לבן
1307,כסוף מילניום
1308,אפור כהה מטלי
1309,שנהב לבן
1310,שחור מטלי
1311,כסף
1312,קפה מטאלי
1313,שחור
1314,שנהב לבן
1315,אפור פלדה
1316,שנהב לבן
1317,שנהב לבן
1318,שחור
1319,אדום מטל
1320,כסף
1321,שחור מטלי
1322,שנהב לבן
1323,אפור כהה
1324,שחור מטלי
1325,כסוף מטאלי
1326,אפור
1327,שנהב לבן
1328,שנהב לבן
1329,אפור
1330,שנהב לבן
1331,שנהב לבן
1332,שנהב לבן
1333,שנהב לבן
1334,לבן
1335,שחור מטלי
1336,כסף מטלי
1337,כתום
1338,כסף מטלי
1339,כסף
1340,לבן
1341,תכלת מטאלי
1342,כחול
1343,אפור כחול מטלי
1344,שנהב לבן
1345,אפור בהיר מטלי
1346,שחור
1347,שנהב לבן
1348,כסף
1349,כחול
1350,שנהב לבן
1351,כסף מטלי
1352,שנהב לבן
1353,שנהב לבן
1354,שחור
1355,שחור
1356,שנהב לבן
1357,ירוק
1358,שנהב לבן
1359,בז מטאלי
1360,לבן
1361,אפור כהה
1362,שחור
1363,שנהב לבן
1364,שנהב לבן
1365,כסף מטלי
1366,לבן
1367,לבן
1368,שנהב לבן
1369,שנהב לבן
1370,כסף מטלי
1371,שנהב לבן
1372,כסף מטלי
1373,אפור בהיר
1374,כסף
1375,בז מטאלי
1376,שחור
1377,שנהב לבן
1378,כסוף כהה מטלי
1379,שנהב לבן
1380,שנהב לבן
1381,שחור
1382,שחור
1383,שנהב לבן
1384,שנהב לבן
1385,כחול
1386,אפור בהיר מטלי
1387,שנהב לבן
1388,לבן
1389,אפור מטל
1390,כסוף
1391,שנהב לבן
1392,אפור
1393,כחול פנינה
1394,לבן
1395,כסוף כהה מטלי
1396,כסף
1397,שנהב לבן
1398,אפור
1399,כסף
1400,שנהב לבן
1401,כחול
1402,שנהב לבן
1403,שנהב לבן
1404,שנהב לבן
1405,אפור מטל
1406,שנהב לבן
1407,לבן
1408,שחור מטלי
1409,שנהב לבן
1410,שנהב לבן
1411,שנהב לבן
1412,כחול
1413,קרם
1414,אפור מטל
1415,כסוף מטאלי
1416,כחול מטאלי
1417,כסף
1418,שנהב לבן
1419,כסוף כהה
1420,שנהב לבן
1421,כסף מטלי
1422,כסוף כהה
1423,שנהב לבן
1424,אדום
1425,כסף
1426,שנהב לבן
1427,כסף מטלי
1428,כחול
1429,שנהב לבן
1430,אפור
1431,שחור מטלי
1432,שן פיל
1433,כסף
1434,שחור
1435,שנהב לבן
1436,לבן
1437,לבן
1438,כסף
1439,שחור מטלי
1440,שחור
1441,כחול כהה
1442,אפור מטל
1443,כסף מטלי
1444,אפור
1445,שחור
1446,כסף מטלי
1447,כסף מטלי
1448,שחור מטלי
1449,שחור
1450,שחור
1451,שנהב לבן
1452,כסף
1453,שחור מטלי
1454,אפור מטל
1455,שנהב לבן
1456,כחול
1457,לבן
1458,שנהב לבן
1459,כסף תכלת מטלי
1460,שנהב לבן
1461,ברונזה
1462,קרם
1463,כסף
1464,לבן
1465,שנהב לבן
1466,אפור
1467,אפור כהה מטלי
1468,כסף
1469,כסף מטלי
1470,כסוף בהיר
1471,אפור כהה
1472,אדום
1473,שנהב לבן
1474,אפור מטל
1475,כסוף כהה
1476,שנהב לבן
1477,ברונזה
1478,כסוף
1479,שנהב לבן
1480,שחור מטלי
1481,אדום
1482,שנהב לבן
1483,אפור
1484,שחור מטלי
1485,שנהב לבן
1486,שנהב לבן
1487,לבן
1488,שנהב לבן
1489,שנהב לבן
1490,שנהב לבן
1491,שנהב לבן
1492,כסוף כהה
1493,שנהב לבן
1494,שנהב לבן
1495,שנהב לבן
1496,אדום
1497,שנהב לבן
1498,שחור מטאלי
1499,אפור מטל
1500,צהוב
1501,לבן
1502,תכלת מטאלי
1503,אדום
1504,כחול
1505,כסף
1506,שחור
1507,תכלת מטאלי
1508,תכלת מטאלי
1509,אפור בהיר מטלי
1510,שנהב לבן
1511,כסף
1512,שחור
1513,שחור מטלי
1514,כסף
1515,כסף מטלי
1516,שנהב לבן
1517,שחור
1518,תכלת מטאלי
1519,לבן
1520,אפור כהה
1521,שחור מטלי
1522,שחור מטלי
1523,אפור מטאלי
1524,שחור
1525,שנהב לבן
1526,שנהב לבן
1527,שחור
1528,לבן
1529,אפור
1530,לבן
1531,שנהב לבן
1532,צהוב
1533,שנהב לבן
1534,שנהב לבן
1535,אפור בהיר מטלי
1536,אפור מטאלי
1537,כסף מטלי
1538,לבן
1539,אפור מטל
1540,שנהב לבן
1541,אפור כהה מטלי
1542,שחור
1543,אפור כהה מטלי
1544,שנהב לבן
1545,כסף
1546,אפור כהה
1547,שנהב לבן
1548,לבן
1549,כסוף כהה
1550,אפור
1551,אדום
1552,כחול
1553,שנהב לבן
1554,שנהב לבן
1555,שחור מטלי
1556,שנהב לבן
1557,אפור מטל
1558,שנהב לבן
1559,לבן
1560,כסף מטלי
1561,שנהב לבן
1562,בז מטאלי
1563,קפה מטאלי
1564,שחור
1565,שחור מטלי
1566,אפור
1567,לבן
1568,כסוף כהה
1569,אפור
1570,אפור מטל
1571,שנהב לבן
1572,שנהב לבן
1573,אדום
1574,שחור
1575,כחול
1576,סגול בהיר
1577,שנהב לבן
1578,שנהב לבן
1579,שחור
1580,אפור מטאלי
1581,אפור מטל
1582,שנהב לבן
1583,אפור מטל
1584,שנהב לבן
1585,שחור
1586,שנהב לבן
1587,שנהב לבן
1588,אפור
1589,לבן
1590,שנהב לבן
1591,שנהב לבן
1592,כחול
1593,שנהב לבן
1594,לבן
1595,שחור מטלי
1596,שנהב לבן
1597,שנהב לבן
1598,שחור מטלי
1599,שנהב לבן
1600,שנהב לבן
1601,שנהב לבן
1602,שנהב לבן
1603,אפור כהה מטלי
1604,שנהב לבן
1605,אפור מטל
1606,שנהב לבן
1607,כסף
1608,לבן
1609,אפור כהה
1610,שנהב לבן
1611,כסוף כהה
1612,אפור מטאלי
1613,כסף מטלי
1614,אפור בהיר
1615,שחור מטלי
1616,שחור
1617,אפור מטל
1618,שנהב לבן
1619,שנהב לבן
1620,אפור בהיר מטלי
1621,כסף מטלי
1622,שנהב לבן
1623,שחור
1624,צהוב מטאלי
1625,אפור כהה
1626,אפור כהה
1627,כסף מטלי
1628,שנהב לבן
1629,כסוף כהה מטלי
1630,שחור
1631,אפור מטל
1632,שחור
1633,שנהב לבן
1634,כסוף כהה
1635,שנהב לבן
1636,לבן
1637,שחור מטלי
1638,אפור מטל
1639,שנהב לבן
1640,לבן
1641,כסף
1642,כסף
1643,לבן
1644,שנהב לבן
1645,לבן
1646,שנהב לבן
1647,שחור
1648,לבן
1649,לבן
1650,שנהב לבן
1651,אדום
1652,שנהב לבן
1653,כחול
1654,אפור
1655,כסוף בהיר
1656,שנהב לבן
1657,שנהב לבן
1658,בז מטאלי
1659,לבן
1660,לבן
1661,שנהב לבן
1662,שחור מטלי
1663,כסף
1664,שחור מטלי
1665,אפור
1666,אפור כהה
1667,אפור
1668,אפור
1669,שחור
1670,לבן
1671,אפור
1672,אפור כהה
1673,כסף
1674,שנהב לבן
1675,שנהב לבן
1676,שנהב לבן
1677,שחור
1678,אפור
1679,כסף
1680,אפור
1681,שחור
1682,אפור כהה
1683,שנהב לבן
1684,כחול מטל
1685,אדום
1686,שנהב לבן
1687,שחור
1688,שנהב לבן
1689,לבן
1690,כסף מטלי
1691,שנהב לבן
1692,אפור
1693,שנהב לבן
1694,שחור
1695,שחור מטלי
1696,שנהב לבן
1697,שחור
1698,לבן
1699,כחול מטל
1700,לבן
1701,שחור פנינה
1702,ירוק בהיר
1703,כחול
1704,אפור כהה מטלי
1705,שנהב לבן
1706,כסף
1707,לבן
1708,שנהב לבן
1709,שנהב לבן
1710,שחור מטלי
1711,אפור מטל
1712,חום
1713,שחור
1714,אפור מטל
1715,שנהב לבן
1716,שנהב לבן
1717,שנהב לבן
1718,אדום
1719,כחול
1720,אפור כהה
1721,שחור מטלי
1722,שנהב לבן
1723,כסף מטלי
1724,לבן
1725,כחול
1726,כסף
1727,שחור
1728,שנהב לבן
1729,שנהב לבן
1730,שנהב לבן
1731,כחול
1732,שנהב לבן
1733,שחור
1734,בז מטאלי
1735,אפור מטאלי
1736,שנהב לבן
1737,שנהב לבן
1738,לבן
1739,אפור
1740,שחור מטלי
1741,תכלת
1742,שחור
1743,שנהב לבן
1744,חום
1745,אפור
1746,שנהב לבן
1747,שנהב לבן
1748,שנהב לבן
1749,לבן
1750,אפור מטל
1751,שחור
1752,כסף
1753,שחור
1754,כסף מטלי
1755,שנהב לבן
1756,אפור כהה
1757,שחור מטלי
1758,כסף מטלי
1759,כסף
1760,שנהב לבן
1761,שנהב לבן
1762,שנהב לבן
1763,שנהב לבן
1764,שחור
1765,כסף
1766,קפה מטאלי
1767,אפור
1768,שנהב לבן
1769,שנהב לבן
1770,שנהב לבן
1771,אפור מטל
1772,שחור מטלי
1773,חום בהיר
1774,שנהב לבן
1775,שנהב לבן
1776,כסוף כהה
1777,שנהב לבן
1778,אפור
1779,כחול כהה
1780,בז מטאלי
1781,לבן
1782,לבן
1783,כסוף מטאלי
1784,שנהב לבן
1785,שנהב לבן
1786,אפור כהה
1787,שנהב לבן
1788,אפור
1789,שנהב לבן
1790,לבן
1791,שחור מטאלי
1792,אפור
1793,שנהב לבן
1794,אפור בהיר מטלי
1795,כסף
1796,שנהב לבן
1797,לבן
1798,שנהב לבן
1799,אפור
1800,לבן
1801,ברונזה
1802,אפור
1803,שנהב לבן
1804,שנהב לבן
1805,כחול
1806,לבן
1807,כסף מטלי
1808,שנהב לבן
1809,לבן
1810,אפור
1811,שנהב לבן
1812,שנהב לבן
1813,שחור
1814,כסף מטלי
1815,אדום
1816,שחור
1817,אפור
1818,אפור
1819,אפור כהה מטלי
1820,שחור
1821,לבן
1822,לבן
1823,אפור
1824,שחור
1825,שנהב לבן
1826,שחור מטלי
1827,שנהב לבן
1828,כסף
1829,שנהב לבן
1830,שנהב לבן
1831,שחור
1832,שנהב לבן
1833,אפור מטל
1834,שנהב לבן
1835,כחול מטל
1836,שנהב לבן
1837,שנהב לבן
1838,שנהב לבן
1839,שנהב לבן
1840,תכלת
1841,שחור מטלי
1842,שנהב לבן
1843,שנהב לבן
1844,שחור
1845,אפור
1846,לבן
1847,כחול בהיר
1848,לבן
1849,שנהב לבן
1850,לבן
1851,שחור מטלי
1852,שנהב לבן
1853,שנהב לבן
1854,כסוף כהה
1855,כסף מטלי
1856,לבן
1857,כסף מטלי
1858,שחור
1859,כסף
1860,שנהב לבן
1861,כחול
1862,כסף מטלי
1863,אפור כהה
1864,כסף מטלי
1865,כסף תכלת מטלי
1866,כחול
1867,לבן
1868,כחול
1869,שנהב לבן
1870,שנהב לבן
1871,אפור מטל
1872,שחור
1873,לבן
1874,לבן
1875,שחור
1876,שנהב לבן
1877,לבן
1878,כחול כהה מטאלי
1879,שנהב לבן
1880,שנהב לבן
1881,שנהב לבן
1882,שנהב לבן
1883,שנהב לבן
1884,שחור
1885,שנהב לבן
1886,שחור
1887,שנהב לבן
1888,שנהב לבן
1889,שנהב לבן
1890,שחור מטלי
1891,אפור
1892,כסף
1893,בז כהה
1894,שחור
1895,שנהב לבן
1896,כסף
1897,אפור כהה
