,version
0,מזדה CX-5 CX-5 PREMIUM
1,יונדאי טוסון TUCSON PRIME PLUS
2,קיה ספורטז' SPORTAGE URBAN
3,שברולט ספארק SPARK LT PLUS
4,אופל אסטרה ASTRA ENJOY
5,פולקסווגן טיגואן TIGUAN LIFE PLUS
6,יונדאי איוניק HYBRID PREMIUM
7,מרצדס E קלאס E200 AVANTGARDE
8,טויוטה קורולה HSD SDN SUN
9,יונדאי I20 I20 PRIME
10,יונדאי סונטה HYBRID PREMIUM
11,מזדה 3 MAZDA 3 COMFORT
12,קיה סטוניק STONIC PREMIUM
13,קיה סטוניק STONIC LX
14,מיצובישי אאוטלנדר OUTLANDER INSTYLE
15,אופל מריבה MERIVA ENJOY
16,ג'יפ רנגלר JEEP WRANGLER ITED RUBICON
17,לקסוס RX 350 PREMIUM
18,רנו מגאן MEGANE INTENSE
19,ניסאן X TRAIL X-TRAIL ACENTA
20,מזדה 3 MAZDA 3 COMFORT
21,קיה נירו NIRO PLUS EV EV
22,מרצדס S קלאס S 560 E S560E SEDAN
23,מיצובישי אאוטלנדר OUTLANDER INTENSE
24,לנד רובר רינג' רובר ספורט SPORT PHEV HSE DYN
25,אאודי Q5 Q5 LUXURY
26,קיה סטוניק STONIC EX
27,סיאט איביזה IBIZA REFERENCE
28,סוזוקי אלטו ALTO GLX
29,סקודה אוקטביה OCTAVIA ELEGANCE
30,ב מ וו סדרה 3 316I BUSINESS
31,אאודי Q2 Q2 ICON LUXURY
32,סובארו פורסטר FORESTER 2.0X
33,טויוטה C-HR HYBRID LOUNGE-P
34,קיה סורנטו SORENTO URBAN
35,קיה פיקנטו PICANTO LX
36,אופל קורסה CORSA ELEGANCE
37,פולקסווגן גולף GOLF TRENDLINE
38,שברולט ספארק SPARK LT
39,שברולט אקוינוקס EQUINOX LT PLUS
40,יונדאי טוסון TUCSON OPEN SKY
41,פורד אדג' EDGE SEL PLUS
42,מרצדס A קלאס 180 AMG LINE FLT
43,סובארו XV XV 1.6I
44,ניסאן X TRAIL X-TRAIL ACENTA
45,פיאט 500 1.2 POP
46,סקודה אוקטביה OCTAVIA AMBITION
47,סיטרואן C3 C3 FEEL PACK
48,שברולט טרוורס TRAVERSE LT
49,מיצובישי אאוטלנדר OUTLANDER ELITE
50,MG ZS EV NET-UP S
51,אופל אסטרה ASTRA ENJOY PLUS
52,ניסאן X TRAIL X-TRAIL ACENTA LE
53,שברולט קמארו CAMARO 1LT
54,סוזוקי סוויפט SWIFT GLX
55,רנו קליאו CLIO EX PACK PLUS
56,פורד קוגה KUGA TREND X
57,קיה פיקנטו PICANTO LX
58,יונדאי I30 I30 PREMIUM
59,יונדאי וניו VENUE INSPIRE
60,ניסאן קשקאי QASHQAI ACENTA
61,סקודה סופרב SUPERB AMBITION
62,מרצדס GLA קלאס GLA200 EXCLUSIV FLT
63,פיג'ו 208 208 ACCESS
64,שברולט ספארק SPARK LT
65,דאציה סנדרו SANDERO LAUREATE
66,מיצובישי ספייס סטאר SPACE STAR SUPREME
67,קיה ספורטז' SPORTAGE EX
68,קיה ספורטז' SPORTAGE URBAN
69,אאודי Q7 Q7 LUXURY
70,יונדאי I10 I10 PREMIUM
71,שברולט קרוז CRUZE LT
72,מיני קופר JCW CHILLI
73,סובארו פורסטר FORESTER SPORT
74,סיטרואן ברלינגו BERLINGO COMFORT
75,רנו קליאו CLIO EX PACK PLUS
76,טויוטה קורולה HSD SDN SUN
77,סיאט איביזה IBIZA REFERENCE
78,קיה ספורטז' SPORTAGE URBAN
79,מרצדס EQC 400 4MATIC AMG
80,פיאט טיפו FIAT TIPO COMFORT
81,יונדאי טוסון TUCSON PRIME PLUS
82,סוזוקי סוויפט SWIFT GLX
83,סיטרואן ג'מפי JUMPY L1-H1/10K
84,סקודה קודיאק KODIAQ STYLE
85,יונדאי I20 I20 PRESTIGE
86,יונדאי טוסון TUCSON LUXURY
87,סקודה סופרב SUPERB AMBITION
88,פיג'ו 3008 3008 PREMIUM
89,סיטרואן ברלינגו BERLINGO MAXI
90,יונדאי I10 I10 GL
91,קיה ספורטז' SPORTAGE URBAN
92,מרצדס CLA קלאס CLA180 URBAN FL
93,מזדה CX-5 CX-5 EXECUTIVE
94,מיצובישי אאוטלנדר OUTLANDER INSTYLE
95,ניסאן אלמרה ALMERA SV
96,ניסאן סנטרה SENTRA SR
97,פולקסווגן גולף GOLF LIFE PLUS
98,יונדאי קונה HYBRID PREMIUM
99,מזדה CX-5 CX-5 EXECUTIVE
100,סובארו פורסטר FORESTER X
101,פיאט דובלו FIAT DOBLO COMBI
102,סוזוקי ויטארה VITARA GLX 2T
103,מיצובישי אקליפס קרוס ECLIPSE CROSS PREMIUM
104,טויוטה קורולה HSD SDN SUN
105,סובארו פורסטר FORESTER 2.0X
106,הונדה סיוויק CIVIC COMFORT AT
107,יונדאי I20 I20 PRESTIGE
108,ב מ וו X1 XDRIVE25E M-SPORT
109,שברולט ספארק SPARK LT
110,אופל אסטרה ASTRA ENJOY
111,ניסאן מיקרה MICRA VISIA
112,דאציה סנדרו SANDERO LAUREATE
113,מזדה CX-5 CX-5 EXECUTIVE
114,סיאט לאון LEON FR
115,יונדאי איוניק HYBRID PREMIUM
116,סיאט לאון LEON FR
117,מזדה 3 MAZDA 3 SPORT
118,ניסאן X TRAIL X-TRAIL TEKNA
119,ג'יפ רנגלר JEEP WRANGLER SPORT S
120,סובארו XV XV CROSSTYLE
121,מזדה 3 MAZDA 3 SPIRIT
122,רנו מגאן MEGANE INTENSE
123,ניסאן קשקאי QASHQAI ACENTA
124,מיצובישי אאוטלנדר OUTLANDER INSTYLE
125,סיאט לאון LEON FR
126,מרצדס C קלאס C300 AMG FLT FL
127,קיה ספורטז' SPORTAGE URBAN
128,רנו קאדג'ר KADJAR ZEN
129,מזדה 3 MAZDA 3 SPORT
130,יונדאי טוסון TUCSON PANORAMIC
131,סקודה אוקטביה OCTAVIA AMBITION
132,מיצובישי אאוטלנדר OUTLANDER INTENSE
133,מרצדס C קלאס C300 AMG SPORT
134,מרצדס GLC 200 4MATIC AMG LINE FLT
135,ב מ וו סדרה 5 530E M-DESIGN SE
136,רנו גראנד קופה COUPE ZEN
137,רנו פלואנס FLUENCE COMFORT
138,יונדאי טוסון TUCSON OPEN SKY
139,יונדאי טוסון TUCSON PREMIUM
140,קיה פיקנטו PICANTO EX
141,פיג'ו 3008 3008 ACTIVE
142,מיצובישי ASX ASX INTENSE
143,סוזוקי בלנו BALENO GLX
144,קיה פיקנטו PICANTO EX
145,רנו קפצ'ור CAPTUR RESSION PACK
146,מזדה CX-30 CX-30 EXECUTIVE
147,טויוטה C-HR HYBRID C-LUB
148,מזדה 6 MAZDA 6 LUXURY
149,פורד אדג' EDGE SEL
150,קיה סטוניק STONIC LX
151,יונדאי איוניק HYBRID PREMIUM
152,טויוטה קורולה COROLLA SUN
153,קיה פיקנטו PICANTO EX
154,יונדאי I20 I20 INSIGHT
155,סקודה אוקטביה OCTAVIA AMBITION
156,ניסאן קשקאי QASHQAI ACENTA
157,יונדאי I10 I10 PRIME
158,סקודה ראפיד RAPID AMBITION
159,טויוטה קורולה COROLLA SUN
160,רנו קליאו CLIO EX PACK PLUS
161,רנו מגאן MEGANE INTENSE
162,פיג'ו 3008 3008 PREMIUM
163,ניסאן ג'וק JUKE N-DESIGN
164,סקודה אוקטביה NEW OCTAVIA AMBITION
165,ניסאן קשקאי QASHQAI VISIA
166,מזדה CX-5 CX-5 LUXURY
167,טויוטה C-HR HYBRID CHIC
168,סקודה סופרב SUPERB LK IV
169,טויוטה RAV4 HYBRID E-MOTION SKY
170,פיג'ו 5008 5008 PREMIUM
171,מרצדס GLE 350 AMG
172,לנד רובר רינג' רובר ספורט SPORT HSE DYN 300
173,סובארו פורסטר FORESTER 2.0X
174,מיצובישי אקליפס קרוס ECLIPSE CROSS PREMIUM
175,ניסאן X TRAIL X-TRAIL ACENTA
176,ניסאן קשקאי QASHQAI ACENTA TECH
177,מזדה 2 MAZDA 2 DYNAMIC
178,סיאט ארונה ARONA STYLE
179,רנו קליאו CLIO EX PACK PLUS
180,שברולט אקוינוקס EQUINOX LT
181,קיה נירו NIRO EX
182,פיג'ו 208 208 GTI
183,סקודה אוקטביה OCTAVIA AMBITION
184,קיה נירו NIRO LX
185,פולקסווגן פולו POLO GTI
186,סובארו פורסטר FORESTER SPORT
187,רנו מגאן MEGANE INTENSE
188,קיה נירו NIRO EX
189,טויוטה קורולה SDN LIMITED
190,יונדאי I20 I20 PRESTIGE
191,סקודה קודיאק KODIAQ STYLE
192,סיאט אטקה ATECA STYLE STYLE
193,יונדאי טוסון TUCSON OPEN SKY
194,מיצובישי אאוטלנדר OUTLANDER INTENSE
195,יונדאי I10 I10 INSPIRE
196,טויוטה C-HR TOYOTA CITY CITY 7
197,יונדאי טוסון TUCSON PRIME PLUS
198,ג'יפ גראנד צ'ירוקי GRAND CHEROKEE LAREDO
199,קיה פיקנטו PICANTO X-LINE
200,סובארו פורסטר FORESTER 2.0Z
201,מיצובישי אאוטלנדר OUTLANDER INTENSE
202,קאדילאק XT5 XT5 LUXURY
203,יונדאי טוסון TUCSON LUXURY
204,קיה ספורטז' SPORTAGE URBAN
205,איסוזו D-Max PICK - UP LS
206,שברולט טראקס TRAX LS
207,אאודי A1 SPORTBACK EPIC EDITION
208,רנו מגאן MEGANE EXPRESSION
209,טויוטה קורולה COROLLA SUN
210,סקודה אוקטביה OCTAVIA AMBITION
211,סקודה קודיאק KODIAQ STYLE
212,שברולט ספארק SPARK LS
213,קיה פיקנטו PICANTO LX
214,סקודה אוקטביה OCTAVIA AMBITION
215,פורד פוקוס FOCUS TREND
216,סקודה אוקטביה OCTAVIA AMBITION
217,מזדה CX-5 CX5 EXECUTIVE
218,מזדה 3 MAZDA 3 COMFORT
219,סקודה סופרב SUPERB FL BUSINESS
220,צ'רי טיגו TIGGO 7 PRO COMFORT
221,מזדה CX-5 CX-5 LUXURY
222,קיה פיקנטו PICANTO LX
223,יונדאי I20 I20 PRIME PLUS
224,סוזוקי ג'ימני JIMNY GLX
225,מזדה 6 MAZDA 6 PREMIUM
226,קיה ריו RIO LX
227,יונדאי סונטה HYBRID PREMIUM
228,סקודה אוקטביה OCTAVIA AMBITION
229,קיה ספורטז' SPORTAGE URBAN
230,קיה נירו NIRO EX
231,קיה ספורטז' SPORTAGE PREMIUM
232,רנו מגאן MEGANE INTENSE
233,יונדאי טוסון TUCSON PREMIUM
234,סיאט ארונה ARONA FR
235,מרצדס EQC EQA250 ELECTRIC NR
236,קיה אופטימה OPTIMA HEV PREMIUM
237,מרצדס C קלאס C200CDI TAXICLASSIC
238,מזדה 5 MAZDA 5 S
239,סקודה אוקטביה OCTAVIA AMBITION
240,ג'יפ גראנד צ'ירוקי GRAND CHEROKEE LAREDO
241,סיאט ארונה ARONA STYLE
242,סובארו פורסטר FORESTER 2.0Z
243,טויוטה לנד קרוזר LAND CRUISER LUXURY
244,ג'יפ רנגלר WRANGLER 2D SPORT S
245,מיצובישי ספייס סטאר SPACE STAR SUPREME
246,איסוזו D-Max PICK - UP LS
247,סיאט ארונה ARONA STYLE
248,ניסאן סנטרה SENTRA SV
249,סוזוקי ויטארה VITARA GLXV
250,סיאט קופרה FORMENTOR VZ EH SPORTIVO SKY
251,יונדאי I20 I20 SUPREME
252,קיה פיקנטו PICANTO SPORT
253,טויוטה RAV4 RAV 4 PREMIUM
254,אאודי A5 A5 LUXURY TECH
255,קיה סורנטו SORENTO URBAN
256,יונדאי I35 I35 INSPIRE
257,מזדה 2 MAZDA 2 DYNAMIC
258,הונדה ג'אז JAZZ TREND
259,מיצובישי L-200 L200 DAKAR
260,סיטרואן ברלינגו BERLINGO LIVE
261,מרצדס GLA קלאס GLA200 PREMIUM FLT
262,מיצובישי אאוטלנדר OUTLANDER INTENSE
263,מיצובישי אקליפס קרוס ECLIPSE CROSS EXECUTIVE
264,פורד אקספלורר ST ST- S.PACK
265,טויוטה היילקס HILUX SAHARA
266,קיה פיקנטו PICANTO LX
267,ניסאן X TRAIL X-TRAIL TEKNA
268,סובארו XV XV 2.0 EYESIGHT
269,פיג'ו 208 208 ACTIVE PRO
270,יונדאי טוסון TUCSON PRESTIGE
271,ניסאן קשקאי QASHQAI ACENTA
272,שברולט קרוז CRUZE LT TURBO
273,סקודה רומסטר ROOMSTER STYLE
274,מרצדס CLA קלאס CLA180 AMG LINE FLT
275,ב מ וו X1 SDRIVE 18I S
276,ניסאן קשקאי QASHQAI VISIA
277,מזדה 3 MAZDA 3 COMFORT
278,יונדאי I10 I10 INSPIRE
279,טויוטה קורולה COROLLA SUN
280,ניסאן X TRAIL X-TRAIL VISIA
281,ניסאן X TRAIL X-TRAIL TEKNA
282,צ'רי טיגו TIGGO 7 PRO COMFORT
283,ב מ וו X4 XDRIVE 20D SPORT
284,ניסאן X TRAIL X-TRAIL ACENTA
285,מזדה 6 MAZDA 6 LUXURY
286,טויוטה RAV4 HYBRID E-MOTION
287,שברולט בלייזר BLAZER PREMIER
288,וולבו XC60 T8 INSCRIPTION
289,קיה נירו NIRO EX
290,פורד פוקוס FOCUS TREND
291,סיאט לאון LEON LE COPA PLUS
292,מיצובישי ASX ASX INSTYLE
293,שברולט אימפלה IMPALA LT
294,יונדאי סנטה פה SANTA FE SUPREME
295,קיה נירו NIRO EX
296,טויוטה קורולה COROLLA SUN
297,מיצובישי אאוטלנדר OUTLANDER PREMIUM
298,מזדה 3 MAZDA 3 SPORT
299,שברולט טרוורס TRAVERSE LT CLASSIC
300,סיאט לאון LEON FR
301,מיצובישי ASX ASX INSTYLE
302,טויוטה אאוטלנדר OUTLANDER PHEV LUXURY
303,פולקסווגן גולף GOLF TRENDLINE
304,קיה פיקנטו PICANTO LX
305,קיה נירו NIRO EX
306,יונדאי I10 I10 PRIME
307,פיג'ו 3008 3008 PREMIUM S.E
308,מיצובישי L-200 L200 DAKAR
309,קיה ספורטז' SPORTAGE PREMIUM
310,רנו מגאן MEGANE LIFE
311,ג'יפ קומפאס COMPASS LIMITED
312,פורד אדג' SEL SEL PLUS
313,ניסאן קשקאי QASHQAI ACENTA
314,פיג'ו 208 208 ACCESS
315,שברולט אקוינוקס EQUINOX LT
316,גילי GEOMETRY C 460PRO
317,קיה סורנטו SORENTO URBAN
318,סיאט איביזה IBIZA STYLE
319,מיצובישי אאוטלנדר OUTLANDER INTENSE
320,סיאט איביזה IBIZA FR
321,מיצובישי אאוטלנדר PHEV SUPREME
322,יונדאי טוסון TUCSON 0PENSKY PLUS
323,סיטרואן ברלינגו BERLINGO SHINE PACK
324,מיצובישי אאוטלנדר OUTLANDER INSTYLE
325,פיג'ו 3008 3008 PREMIUM
326,טויוטה קורולה HSD SDN SUN
327,קיה ספורטז' SPORTAGE URBAN
328,סקודה קודיאק KODIAQ STYLE
329,SERES E3 EV EV
330,ג'יפ רנגלר JEEP WRANGLER SAHARA
331,קיה פיקנטו PICANTO GT LINE
332,גרייט וול וליקס VOLEEX C10 DE-LAXS
333,יונדאי אקסנט ACCENT INSPIRE
334,קיה ספורטז' SPORTAGE TURBO TOP
335,טויוטה קורולה HSD SDN SUN
336,ניסאן קשקאי QASHQAI ACENTA
337,קיה ספורטז' SPORTAGE EX
338,מזדה 3 MAZDA 3 SPIRIT
339,רנו מגאן MEGANE INTENSE
340,קיה ספורטז' SPORTAGE URBAN
341,ג'יפ רנגלר WRANGLER SPORT
342,לנד רובר רינג' רובר ספורט R ROVER SPORT HSE DYNAMIC
343,קיה ספורטז' SPORTAGE TURBO TOP
344,יונדאי I10 I10 PRIME
345,יונדאי אקסנט ACCENT INSPIRE
346,טויוטה קורולה HSD SDN SUN
347,קיה פיקנטו PICANTO LX
348,סקודה קארוק KAROQ AMBITION
349,מרצדס CLA קלאס CLA180 SPORT
350,דאציה סנדרו SANDERO LAUREATE
351,ניסאן X TRAIL X-TRAIL ACENTA
352,סקודה סופרב SUPERB AMBITION
353,פולקסווגן טיגואן TIGUAN TRENDLINE
354,סמארט FOR TWO FORTWO PURE
355,רנו מגאן MEGANE INTENSE
356,קיה סטוניק STONIC EX
357,סקודה סופרב SUPERB AMBITION
358,מיצובישי L-200 L200 DESERT
359,יונדאי I20 I20 INSPIRE
360,סיאט ארונה ARONA FR
361,יונדאי טוסון TUCSON PREMIUM
362,סיאט ארונה ARONA STYLE
363,פיג'ו 2008 2008 PREMIUM
364,מיצובישי אקליפס קרוס ECLIPSE CROSS ELITE
365,קיה פיקנטו PICANTO EX
366,יונדאי I10 I10 PREMIUM
367,מיצובישי ASX ASX INSTYLE
368,יונדאי I10 I10 PRIME
369,רנו קליאו CLIO EX PACK PLUS
370,מרצדס CLA קלאס CLA250 AMG PLUS
371,סובארו אימפרזה IMPREZA 1.6 I
372,מיצובישי אטראז ATTRAGE INSTYLE
373,מזדה 3 MAZDA 3 PREMIUM PLUS
374,יונדאי I30 I30 PREMIUM
375,ג'יפ גראנד צ'ירוקי GRAND CHEROKEE LIMITED
376,ניסאן קשקאי QASHQAI ACENTA
377,לקסוס NX 300H F SPORT
378,טויוטה יאריס HYBRID ECO
379,ניסאן סנטרה SENTRA SR
380,סקודה אוקטביה OCTAVIA RS
381,פולקסווגן ג'טה JETTA TRENDLINE
382,מרצדס A קלאס A180 STYLE FL
383,טויוטה קורולה COROLLA GLI
384,מרצדס C קלאס C220 BLUETEC TAXI CLASSIC
385,פורד אדג' EDGE SEL PLUS
386,יונדאי איוניק HYBRID PREMIUM FL
387,סקודה אוקטביה OCTAVIA AMBITION
388,ג'יפ גראנד צ'ירוקי GRAND CHEROKEE LAREDO
389,שברולט אקוינוקס EQUINOX LS
390,קיה ספורטז' SPORTAGE URBAN
391,סקודה סופרב SUPERB STYLE
392,מיצובישי אקליפס קרוס ECLIPSE CROSS INSTYLE
393,קיה פיקנטו PICANTO SPORT
394,מיצובישי אאוטלנדר OUTLANDER INSTYLE
395,פיג'ו פרטנר PARTNER XRN
396,פולקסווגן גולף GOLF FORTLINE PLU
397,מזדה 3 MAZDA 3 COMFORT
398,שברולט ספארק SPARK PREMIER
399,ניסאן ג'וק JUKE ACENTA-TECK
400,יונדאי סונטה HYBRID PRESTIGE
401,יונדאי I35 I35 INSPIRE
402,מרצדס GLC 250 4MATIC PREMIUM
403,MG EHS PHEV NET-UP
404,סקודה קארוק KAROQ AMBITION
405,קיה סורנטו SORENTO URBAN
406,מזדה 3 MAZDA 3 SPIRIT
407,יונדאי איוניק HYBRID PREMIUM FL
408,פולקסווגן גולף GOLF COMFORTLINE
409,טויוטה RAV4 RAV 4 EXTREME
410,פיג'ו 3008 3008 PREMIUM
411,טויוטה קורולה HSD SDN SUN
412,ניסאן קשקאי QASHQAI ACENTA
413,מזדה CX-5 CX5 EXECUTIVE
414,שברולט קרוז 1.6 LS
415,סיטרואן C3 C3 SHINE PK
416,מיצובישי אאוטלנדר OUTLANDER INSTYLE
417,אופל אסטרה ST ENJOY
418,סקודה אוקטביה OCTAVIA AMBITION
419,טויוטה אייגו AYGO X PLAY
420,ניסאן קשקאי QASHQAI ACENTA
421,רנו קליאו CLIO LIFE
422,סקודה אוקטביה OCTAVIA AMBITION
423,פורד אדג' EDGE TITANIUM TITANIUM
424,סוזוקי סוויפט SWIFT GLX HYBRID
425,פיג'ו 2008 2008 PREMIUM
426,קיה ספורטז' SPORTAGE URBAN
427,סקודה אוקטביה OCTAVIA AMBITION
428,ניסאן X TRAIL X-TRAIL ACENTA
429,מיצובישי ASX ASX INSTYLE
430,פולקסווגן פולו POLO GTI
431,סיאט לאון LEON FR
432,פורד קוגה KUGA TREND X
433,סקודה אוקטביה OCTAVIA AMBITION
434,יונדאי איוניק HYBRID INSPIRE
435,ב מ וו סדרה 8 840I M-SPORT
436,מרצדס CLA קלאס CLA250 AMG LINE
437,יונדאי I30 I30 PREMIUM
438,סוזוקי CROSSOVER CROSSOVER GLX
439,מרצדס GLA קלאס GLA200 URBAN
440,מרצדס GLC 300E 4MATIC AMG PLUS
441,טויוטה קורולה COROLLA SUN
442,קיה סורנטו SORENTO URBAN
443,ניסאן קשקאי QASHQAI VISIA
444,סקודה אוקטביה OCTAVIA AMBITION
445,יונדאי טוסון TUCSON PANORAMIC
446,אופל קורסה CORSA ENJOY
447,מזדה 3 MAZDA 3 PREMIUM
448,סובארו פורסטר FORESTER 2.0 OSAKA
449,טויוטה קורולה HSD SDN SUN
450,קיה פיקנטו PICANTO EX
451,ניסאן קשקאי QASHQAI VISIA
452,יונדאי I25 I25 INSPIRE
453,יונדאי טוסון TUCSON OPEN SKY
454,ניסאן קשקאי QASHQAI ACENTA
455,סקודה אוקטביה OCTAVIA STYLE
456,מזדה CX-5 CX-5 EXECUTIVE
457,מיצובישי אקליפס קרוס ECLIPSE CROSS INSTYLE
458,יונדאי טוסון TUCSON PREMIUM
459,קיה נירו NIRO EX
460,שברולט סוניק SONIC LS LS
461,קיה פיקנטו PICANTO LX
462,סיטרואן ברלינגו BERLINGO LIVE
463,סקודה אוקטביה OCTAVIA AMBITION
464,טויוטה C-HR HYBRID CLUB
465,יונדאי טוסון TUCSON PREMIUM
466,פיג'ו 3008 3008 ACTIVE
467,סוזוקי סוויפט SWIFT GLX HYBRID
468,קיה נירו NIRO EX
469,מזדה 2 MAZDA 2 PURE WHITE
470,מזדה CX-5 CX-5 LUXURY
471,טויוטה קורולה HSD SDN SUN
472,סקודה אוקטביה OCTAVIA AMBITION
473,טויוטה RAV4 RAV-4 PREMIUM PLUS
474,טויוטה COROLLA PETROL STYLE
475,קיה ספורטז' SPORTAGE URBAN
476,מרצדס C קלאס C300 AMG FL
477,קיה פיקנטו PICANTO LX
478,פיג'ו 5008 5008 ACTIVE
479,קיה ספורטז' SPORTAGE EX
480,פיג'ו 3008 3008 ACTIVE PACK
481,שברולט טריילבליזר TRAIL BLAZER LTZ
482,טויוטה קורולה SDN SUN
483,קיה פיקנטו PICANTO GT LINE
484,סקודה קארוק KAROQ STYLE
485,מיצובישי אאוטלנדר OUTLANDER ELITE
486,קיה ספורטז' SPORTAGE PREMIUM GT
487,ניסאן קשקאי QASHQAI ACENTA-TECH
488,סקודה קודיאק KODIAQ STYLE
489,ניסאן ליף LEAF ACENTA-TECH
490,מיצובישי ASX ASX PREMIUM
491,טויוטה קורולה HSD SDN SUN
492,יונדאי I35 I35 INSPIRE
493,טויוטה פריוס HYBRID GLI TT
494,קיה נירו NIRO LX
495,פיג'ו 5008 5008 PREMIUM
496,קיה פיקנטו PICANTO EX
497,טויוטה קורולה HSD HB EXCITE PLUS
498,מרצדס GLE 400D COUPE AMG FLT
499,אופל מוקה X ENJOY PLUS
500,פולקסווגן ג'טה JETTA TRENDLINE
501,קיה סטוניק STONIC LX
502,סקודה סופרב NEW SUPERB STYLE
503,ניסאן קשקאי QASHQAI ACENTA
504,יונדאי I20 I20 SUPREME
505,מזדה 3 MAZDA 3 SPORT
506,ניסאן קשקאי QASHQAI VISIA
507,סובארו פורסטר FORESTER X
508,סקודה אוקטביה OCTAVIA AMBITION
509,יונדאי איוניק HYBRID PREMIUM
510,פיג'ו 208 208 ACCESS PLUS
511,יונדאי איוניק HYBRID SUPREME FL
512,אאודי Q3 SPORTBACK PANO S LINE
513,רנו פלואנס FLUENCE AU
514,סיטרואן ברלינגו BERLINGO SHINE
515,מיצובישי אאוטלנדר OUTLANDER INSTYLE
516,ניסאן מיקרה MICRA VISIA
517,פורד קוגה KUGA TREND X
518,קיה ספורטז' SPORTAGE URBAN
519,רנו מגאן MEGANE INTENSE
520,טסלה MODEL 3 MODEL 3 PERFORMANCE
521,קיה ספורטז' SPORTAGE URBAN
522,מיצובישי ספייס סטאר SPACE STAR SUPREME
523,טויוטה קורולה COROLLA SUN
524,ב מ וו סדרה 3 318I S
525,פיג'ו 3008 3008 ACTIVE PACK
526,יונדאי I10 I10 PRIME
527,בי ווי די ATTO 3 COMFORT
528,ב מ וו X5 XDRIVE45E M-SPORT
529,פיג'ו 3008 3008 PREMIUM
530,קיה פיקנטו PICANTO LX
531,רנו גראנד קופה COUPE INTENSE
532,סובארו פורסטר FORESTER 2.0XT TURBO
533,ג'יפ רנגלר WRANGLER RUBICON
534,טויוטה RAV4 HYBRID E-MOTION
535,קיה ספורטז' SPORTAGE LX
536,טויוטה C-HR HYBRID CITY
537,יונדאי I10 I10 SUPREME
538,יונדאי טוסון TUCSON PREMIUM
539,מיצובישי אאוטלנדר OUTLANDER INTENSE
540,מזדה 3 MAZDA 3 SPORT
541,פיג'ו 3008 3008 ACTIVE
542,טויוטה יאריס YARIS BLACKTOP
543,מיצובישי אאוטלנדר OUTLANDER INTENSE
544,סובארו פורסטר FORESTER X
545,לנד רובר רינג' רובר ספורט RANGE R.SPORT PHEV HSE DYN
546,DS 3 CROSSBACK GRAND CHIC
547,פיג'ו 2008 2008 ACTIVE GO
548,מיצובישי אאוטלנדר OUTLANDER PREMIUM
549,יונדאי טוסון TUCSON PRIME PLUS
550,ב מ וו סדרה 1 118I SPORT
551,פולקסווגן גולף GOLF R
552,ניסאן קשקאי QASHQAI ACENTA TOP
553,ב מ וו סדרה 5 520I S
554,סקודה אוקטביה OCTAVIA AMBITION
555,קיה פיקנטו PICANTO LX
556,קיה סטוניק STONIC URBAN
557,מזדה 3 MAZDA 3 SPIRIT
558,יונדאי טוסון TUCSON PRIME
559,איסוזו D-Max PICK-UP S
560,יונדאי I10 I10 PRIME
561,דאציה דאסטר DUSTER LAUREATE
562,ב מ וו X6 XDRIVE 30D M-SUPERIOR
563,קיה ספורטז' SPORTAGE PREMIUM
564,סוזוקי ויטארה VITARA GLX
565,קיה ספורטז' SPORTAGE URBAN
566,סקודה קודיאק KODIAQ BUSINESS
567,סקודה קארוק KAROQ AMBITION
568,פיג'ו 2008 2008 ACTIVE
569,בנטלי Flying Spur FLYING SPUR MULLINER
570,יונדאי I10 I10 INSIGHT
571,סקודה אוקטביה OCTAVIA AMBITION
572,אופל קרוסלנד-X X INNOVATION
573,קיה ספורטז' SPORTAGE URBAN
574,קיה ספורטז' SPORTAGE URBAN
575,קיה ריו RIO LX
576,קיה ספורטז' SPORTAGE URBAN
577,סקודה אוקטביה OCTAVIA AMBITION
578,ג'יפ רנגלר WRANGLER 2D SPORT S
579,יונדאי טוסון TUCSON PANORAMIC
580,מרצדס E קלאס E300 E AMG LINE
581,קיה ספורטז' SPORTAGE PREMIUM
582,אופל מוקה MOKKA ENJOY
583,ניסאן קשקאי QASHQAI ACENTA
584,פיג'ו 3008 3008 GT
585,ביואיק לקרוס LACROSSE CXL
586,יונדאי אלנטרה ELANTRA GL
587,מרצדס C קלאס C180 ELEGANCE
588,ג'יפ רנגלר WRANGLER RUBICON
589,קיה סטוניק STONIC EX
590,מרצדס A קלאס A180 AMG
591,סובארו פורסטר FORESTER 2.0X
592,שברולט אקוינוקס EQUINOX LT
593,שברולט ספארק SPARK LT PLUS
594,יונדאי I30 I30 PREMIUM
595,קיה פיקנטו PICANTO EX
596,יונדאי I25 I25 INSPIRE
597,ב מ וו סדרה 2 220I LUXURY
598,מיצובישי אאוטלנדר OUTLANDER INTENSE
599,ניסאן ג'וק JUKE ACENTA
600,יונדאי סונטה HYBRID PREMIUM
601,קיה ספורטז' SPORTAGE URBAN
602,מיצובישי אקליפס קרוס ECLIPSE CROSS INSTYLE
603,סקודה אוקטביה OCTAVIA AMBITION
604,סקודה קודיאק KODIAQ STYLE
605,סיאט לאון LEON FR
606,מרצדס A קלאס A250 E AMG PREMIUM
607,יונדאי קונה KONA EV
608,טויוטה לנד קרוזר LAND CRUISER SELECT
609,יונדאי I30 I30 LUXURY
610,טויוטה קורולה COROLLA SUN
611,ג'יפ גראנד צ'ירוקי GRAND CHEROKEE LIMITED EDIT
612,אופל קורסה CORSA ENJOY
613,הונדה HR-V HR-V COMFORT
614,מזדה CX-5 CX-5 EXECUTIVE
615,מזדה CX-5 CX-5 EXECUTIVE
616,שברולט ספארק SPARK LTZ
617,סובארו אימפרזה B3 RX
618,יונדאי I10 I10 PRIME
619,רנו קפצ'ור CAPTUR COLLECTION
620,סקודה אוקטביה OCTAVIA AMBITION
621,פולקסווגן פולו POLO COMFORTLINE
622,יונדאי I10 I10 INSPIRE
623,קיה ספורטז' SPORTAGE URBAN
624,מזדה CX-30 CX-30 COMFORT
625,שברולט אימפלה IMPALA LTZ LTZ
626,הונדה סיוויק CIVIC COMFORT
627,טויוטה קורולה קרוס COROLLA CROSS DYNAMIC
628,טויוטה פריוס PLUG IN COMFORT
629,מיצובישי אאוטלנדר OUTLANDER PREMIUM
630,קיה סיד CEED LX
631,מזדה 3 MAZDA 3 PREMIUM
632,פיג'ו 2008 2008 ACTIVE GO
633,יונדאי IX35 IX35 SUPREME
634,קיה פיקנטו PICANTO LX
635,קיה נירו NIRO EX
636,סקודה סופרב SUPERB FL SPORTLINE
637,יונדאי סנטה פה SANTA FE SUPREME
638,סקודה אוקטביה OCTAVIA RS
639,אלפא רומיאו ג'וליטה ALFA GIULIETTA SPORT
640,טויוטה C-HR HYBRID CLUB
641,טויוטה אוריס HYBRID TS TSS
642,יונדאי I35 I35 SUPREME
643,סיאט אטקה ATECA STYLE STYLE
644,סקודה סופרב SUPERB AMBITION
645,פיג'ו 508 508 GT
646,יונדאי I30 I30 INSPIRE
647,פולקסווגן גולף GOLF TRENDLINE
648,קיה נירו NIRO LX
649,פורד אקספלורר EXPLORER LIMITED
650,הונדה סיוויק 1.5 COMFORT
651,מיצובישי L-200 L200 INVITE
652,יונדאי טוסון TUCSON OPEN SKY
653,פולקסווגן גולף GOLF GTI XEN
654,מזדה CX-5 CX-5 EXECUTIVE
655,סיטרואן C5 AIRCROSS C5 AIRCROSS FEEL
656,קיה נירו NIRO EX
657,רנו מגאן MEGANE INTENSE
658,מיצובישי ASX ASX INSTYLE
659,סיטרואן ג'מפי JUMPY SMALL N1
660,סיאט לאון LEON STYLE FL
661,טויוטה C-HR HYBRID C-LUB
662,דאציה סנדרו SANDERO LAUREATE
663,סוזוקי CROSSOVER SX4 CROSSOVER GLX
664,סובארו פורסטר FORESTER SPORT
665,סוזוקי ויטארה VITARA GLX
666,טויוטה C-HR HYBRID CHIC
667,יונדאי I30 I30 INSPIRE
668,יונדאי טוסון TUCSON 0PENSKY PLUS
669,סקודה קאמיק KAMIQ STYLE
670,סקודה אוקטביה OCTAVIA STYLE
671,סוזוקי בלנו BALENO GLX
672,פיג'ו 2008 2008 ACTIVE
673,סקודה סופרב SUPERB EXCLUSIVE
674,ניסאן X TRAIL X-TRAIL ACENTA
675,מיצובישי ASX ASX INSTYLE
676,סיאט אטקה ATECA XCELLENCE
677,יונדאי איוניק HYBRID PREMIUM FL
678,מיצובישי אאוטלנדר OUTLANDER PREMIUM
679,סיטרואן ברלינגו BERLINGO XTR
680,ג'יפ צ'ירוקי CHEROKEE SPORT
681,ג'יפ רנגלר JEEP WRANGLER UNLIM SAHARA
682,טויוטה קורולה HSD SDN SUN
683,יונדאי I10 I10 INSPIRE
684,מזדה 2 MAZDA 2 DYNAMIC
685,אלפא רומיאו ג'וליטה ALFA GIULIETTA COMPETIZIONE
686,יונדאי אלנטרה ELANTRA INSPIRE SR
687,קיה פיקנטו PICANTO LX
688,יונדאי סונטה HYBRID LIMITED
689,פיאט 500 1.2 LOUNGE
690,פיג'ו 3008 3008 PREMIUM
691,סקודה סופרב NEW SUPERB L AND K
692,מיצובישי אאוטלנדר OUTLANDER INSTYLE
693,טויוטה RAV4 RAV 4 PREMIUM
694,ג'יפ קומפאס COMPASS LIMITED
695,סיטרואן ברלינגו BERLINGO XTR
696,אאודי Q7 Q7 LIMITED
697,קיה נירו NIRO LX
698,סקודה יטי YETI AMBITION
699,שברולט ספארק SPARK LT PLUS
700,פיג'ו 3008 3008 ACTIVE
701,קיה ספורטז' SPORTAGE URBAN
702,שברולט אימפלה IMPALA LTZ LTZ
703,יונדאי I10 I10 PRIME
704,קיה ספורטז' SPORTAGE LX
705,ג'יפ רנגלר JEEP WRANGLER UBICON RECON
706,מזדה CX-5 CX-5 SIGNATURE
707,מיצובישי L-200 L200 DESERT
708,מיצובישי אאוטלנדר OUTLANDER INSTYLE
709,אאודי A7 A7 LUXURY
710,ניסאן קשקאי QASHQAI ACENTA TOP
711,מזדה CX-30 CX-30 PREMIUM
712,טויוטה לנד קרוזר LAND CRUISER SAHARA
713,מיצובישי אאוטלנדר OUTLANDER INTENSE
714,מיצובישי אאוטלנדר OUTLANDER EXECUTIVE
715,מזדה 3 MAZDA 3 SPIRIT
716,ניסאן X TRAIL X-TRAIL ACENTA
717,קאדילאק XT5 XT5 LUXURY
718,יונדאי טוסון TUCSON PRIME
719,קיה ספורטז' SPORTAGE URBAN
720,סיטרואן ברלינגו BERLINGO LIVE
721,שברולט סוניק SONIC LT
722,שברולט אימפלה IMPALA LT
723,רנו מגאן MEGANE INTENSE
724,פיג'ו 5008 5008 ACTIVE
725,טויוטה יאריס YARIS STYLE
726,טויוטה C-HR HYBRID CHIC
727,מרצדס GLE 350D 4MATIC COUPE AMGFLT
728,טויוטה SUPRA SUPRA GR SUPRA
729,הונדה סיוויק CIVIC 5D SPORT
730,ניסאן מיקרה MICRA VISIA
731,MG ZS ZS NET UP
732,מזדה CX-5 CX-5 EXECUTIVE
733,ניסאן X TRAIL X-TRAIL ACENTA
734,סקודה אוקטביה סטיישן OCTAVIA SPACE AMBITION
735,סובארו פורסטר FORESTER SPORT
736,מיצובישי אאוטלנדר OUTLANDER LUXURY
737,שברולט טרוורס TRAVERSE LT CLASSIC
738,סוזוקי ויטארה VITARA GLX
739,ג'יפ רנגלר WRANGLER UNLI RUBICON S
740,יונדאי סונטה HYBRID LIMITED
741,קיה פיקנטו PICANTO EX
742,שברולט קפטיבה CAPTIVA LT
743,סקודה ראפיד RAPID AMBITION
744,סקודה אוקטביה OCTAVIA AMBITION
745,סקודה אוקטביה OCTAVIA STYLE
746,יונדאי I10 I10 SUPREME
747,הונדה HR-V HR-V COMFORT
748,קיה פיקנטו PICANTO EX
749,מיצובישי אאוטלנדר OUTLANDER INSTYLE
750,יונדאי טוסון TUCSON TURBO LUXURY
751,טויוטה יאריס YARIS SOL
752,קיה ספורטז' SPORTAGE URBAN
753,סוזוקי איגניס IGNIS GLX
754,מזדה CX-5 CX-5 EXECUTIVE
755,שברולט טרוורס TRAVERSE LT
756,יונדאי איוניק HYBRID PREMIUM
757,סקודה אוקטביה OCTAVIA AMBITION
758,ב מ וו סדרה 3 330E IPERFORMAN EXCLUSIVE
759,יונדאי I35 I35 INSPIRE
760,קיה נירו NIRO EX
761,סקודה קודיאק KODIAQ AMBITION
762,ג'יפ רנגלר WRANGLER SPORT
763,מרצדס C קלאס C300 AVANTGARDE
764,סקודה אוקטביה NEW OCTAVIA AMBITION
765,סקודה קארוק KAROQ AMBITION
766,קיה פיקנטו PICANTO LX
767,טויוטה C-HR HYBRID CHIC
768,סיאט אטקה ATECA STYLE PLUS
769,טויוטה RAV4 RAV 4 GLI
770,מזדה 6 MAZDA 6 EXECUTIVE
771,מזדה 2 MAZDA 2 DYNAMIC
772,מיצובישי אאוטלנדר OUTLANDER INSTYLE
773,סיטרואן ברלינגו BERLINGO SHINE PACK
774,מרצדס GLE 350D 4MATIC COUPE AMG
775,אאודי Q3 SPORTBACK S-LINE
776,איסוזו D-Max PICK - UP S
777,הונדה סיוויק CIVIC COMFORT
778,טויוטה קורולה COROLLA GLI
779,דאציה סנדרו SANDERO LAUREATE
780,פיג'ו 2008 2008 PREMIUM
781,סובארו XV XV 2.0 I
782,סקודה אוקטביה OCTAVIA AMBITION
783,ב מ וו סדרה 3 318I BUSINESS
784,יונדאי I20 I20 SUPREME
785,מזדה CX-30 CX-30 COMFORT
786,סובארו XV XV 1.6 CLASSIC
787,מזדה 2 MAZDA 2 PURE WHITE
788,סקודה יטי YETI AMBITION
789,ניסאן קשקאי QASHQAI VISIA
790,סקודה אוקטביה OCTAVIA EXCLUSIVE
791,קיה פיקנטו PICANTO LX
792,קיה פיקנטו PICANTO EX
793,רנו טווינגו TWINGO ZEN
794,סוזוקי SX4 SX4 GLX-HB
795,קיה נירו NIRO EX
796,סיאט לאון LEON FR PLUS
797,רנו קאדג'ר KADJAR INTENSE
798,קיה ספורטז' SPORTAGE LX
799,רנו מגאן MEGANE INTENSE
800,קיה ספורטז' SPORTAGE TURBO TOP
801,טויוטה קורולה HSD SDN SUN
802,יונדאי I10 I10 INSPIRE
803,סקודה סופרב SUPERB STYLE
804,טויוטה קאמרי HYBRID LE
805,קופרה פורמנטור CUPRA BP/BB
806,יונדאי I10 I10 OPEN SKY
807,קיה אופטימה OPTIMA HEV PREMIUM
808,רנו קפצ'ור CAPTUR EX PACK
809,סקודה קודיאק KODIAQ AMBITION
810,אאודי A3 SPORTBACK SHARP ASSIST
811,יונדאי סנטה פה SANTA FE PREMIUM
812,סקודה אוקטביה OCTAVIA DYNAMIC
813,סיטרואן ברלינגו BERLINGO COMFORT PLUS
814,קאדילאק ATS ATS PREMIUM
815,סוזוקי איגניס IGNIS GLX HYBRID
816,קיה פיקנטו PICANTO LX
817,טויוטה C-HR HYBRID CHIC
818,ניסאן קשקאי QASHQAI TEKNA
819,הונדה סיוויק CIVIC COMFORT
820,מיצובישי אאוטלנדר OUTLANDER INSTYLE
821,קיה סלטוס SELTOS EX
822,יונדאי סונטה HYBRID PREMIUM
823,סקודה אניאק 80 ENYAQ80 A
824,שברולט טריילבליזר TRAIL BLAZER LTZ
825,טויוטה קורולה SDN LIMITED
826,יונדאי טוסון TUCSON PANORAMIC
827,סיטרואן ברלינגו BERLINGO COMFORT PLUS
828,ב מ וו סדרה 5 530E iPERFORMANCE M SPORT
829,שברולט ספארק SPARK LT PLUS
830,ניסאן קשקאי QASHQAI ACENTA
831,קיה פיקנטו PICANTO GT LINE
832,קיה ספורטז' SPORTAGE URBAN
833,שברולט קורבט STINGR 3PGW20
834,סקודה אוקטביה OCTAVIA AMBITION
835,ניסאן X TRAIL X-TRAIL ACENTA
836,מזדה 3 MAZDA 3 SPIRIT
837,ניסאן X TRAIL X-TRAIL ACENTA
838,לנד רובר רינג' רובר ולאר VELAR R DYNAMIC
839,מרצדס GLE 350D 4MATIC EXCLUSIVE FL
840,מיצובישי אאוטלנדר OUTLANDER LUXURY
841,ב מ וו סדרה 5 530E M-DESIGN SE
842,יונדאי I10 I10 PRIME
843,אאודי Q2 Q2 DESIGN ASST
844,קיה ספורטז' SPORTAGE URBAN
845,טויוטה קורולה COROLLA SUN CC
846,ניסאן מיקרה MICRA VISIA
847,יונדאי I30 I30 INSPIRE
848,סקודה אוקטביה OCTAVIA AMBITION
849,טויוטה יאריס YARIS STYLE
850,ניסאן קשקאי QASHQAI ACENTA-TECH
851,SERES E3 EV EV
852,סקודה סופרב SUPERB LK IV
853,וולבו XC60 RECHARGET8 INSCRIPTION
854,יונדאי איוניק HYBRID PREMIUM
855,סוזוקי SX4 SX4 GLX
856,אאודי A6 A6 LUXURY
857,שברולט טריילבליזר TRAIL BLAZER LS
858,מזדה 3 MAZDA 3 SPORT
859,יונדאי I10 I10 PRIME
860,פיג'ו 3008 3008 ACTIVE
861,יונדאי סונטה SONATA LIMITED
862,יונדאי טוסון TUCSON PRIME PLUS
863,שברולט ספארק SPARK LT
864,ב מ וו X1 SDRIVE 18I BUSINESS
865,סוזוקי ויטארה VITARA GLXV 2T
866,פיג'ו 2008 2008 PREMIUM
867,קיה פיקנטו PICANTO LX
868,גילי GEOMETRY C 460PRO
869,יונדאי טוסון TUCSON PREMIUM
870,יונדאי I25 I25 INSPIRE
871,מיצובישי L-200 L200 DESERT
872,קיה ספורטז' SPORTAGE PREMIUM GT
873,טויוטה C-HR HYBRID CITY
874,מיצובישי אקליפס קרוס ECLIPSE CROSS INSTYLE
875,קיה ספורטז' SPORTAGE URBAN
876,יונדאי טוסון TUCSON PRIME PLUS
877,ניסאן קשקאי QASHQAI VISIA
878,פורד פומה PUMA ST-LINE
879,קיה פיקנטו PICANTO X-LINE
880,פורד פוקוס FOCUS TREND
881,קיה ספורטז' SPORTAGE PREMIUM GT
882,סיאט לאון LEON FR
883,דאציה לוגאן LOGAN LAUREATE
884,פורד פיאסטה FIESTA TREND
885,סובארו XV XV 2.0 EYESIGHT
886,רנו מגאן MEGANE LIFE
887,ב מ וו סדרה 5 530E SPORT M
888,יונדאי I10 I10 PRIME
889,טויוטה קורולה COROLLA SUN
890,מזדה 3 MAZDA 3 SPORT
891,שברולט קרוז CRUZE LT TURBO
892,סקודה קארוק KAROQ AMBITION
893,סקודה ראפיד RAPID AMBITION
894,אאודי Q3 Q3 LUXURY
895,סקודה קודיאק KODIAQ STYLE
896,מרצדס GLC 200 4MATIC AMG LINE FLT
897,קיה נירו NIRO URBAN
898,איסוזו D-Max PICK - UP S
899,קיה סורנטו SORENTO URBAN
900,פולקסווגן גולף GOLF TRENDLINE
901,יונדאי סונטה HYBRID PREMIUM
902,ניסאן X TRAIL X-TRAIL VISIA
903,אאודי Q3 Q3 ADVANCE COMF
904,יונדאי אלנטרה ELANTRA GL
905,יונדאי טוסון TUCSON LUXURY
906,ב מ וו סדרה 5 520I S
907,אאודי A4 A4 ADVANCED
908,סקודה קודיאק KODIAQ STYLE
909,סיאט לאון LEON STYLE
910,קיה פיקנטו PICANTO LX
911,שברולט ספארק SPARK LT PLUS
912,קיה ספורטז' SPORTAGE URBAN
913,מזדה CX-5 CX-5 EXECUTIVE
914,סקודה סופרב SUPERB AMBITION
915,טויוטה אוריס HYBRID TS
916,מזדה 3 MAZDA 3 COMFORT
917,סקודה אוקטביה OCTAVIA AMBITION
918,יונדאי I25 I25 INSPIRE
919,מיצובישי אאוטלנדר OUTLANDER PREMIUM
920,מרצדס GLC 300E 4MATIC COUPE AMG
921,פורד פוקוס FOCUS TREND
922,אאודי Q5 Q5 EXECUTIVE
923,וולבו S90 T5 INSCRIPTION
924,יונדאי I20 I20 GLI
925,קיה ספורטז' SPORTAGE URBAN
926,סיאט איביזה IBIZA REFERENCE
927,שברולט מאליבו MALIBU LT LT
928,מיצובישי ASX ASX INSTYLE
929,מזדה CX-5 CX-5 EXECUTIVE
930,קיה XCeed XCEED LX
931,סקודה קארוק KAROQ AMBITION
932,סובארו פורסטר FORESTER X
933,שברולט טרוורס TRAVERSE LT
934,יונדאי I20 I20 INSIGHT
935,קיה פיקנטו PICANTO LX
936,יונדאי איוניק HYBRID SUPREME
937,סוזוקי אלטו ALTO GLX
938,ב מ וו X6 M50D M-PERFORMANC
939,פיאט 500 500 ACTION HB
940,שברולט ספארק SPARK LT PLUS
941,מרצדס CLA קלאס CLA180 URBAN
942,סוזוקי סוויפט SWIFT GLX
943,סקודה אוקטביה OCTAVIA AMBITION
944,סקודה קארוק KAROQ STYLE
945,אאודי Q3 Q3 EXECUTIVE
946,מזדה CX-5 CX-5 EXECUTIVE
947,קיה סיד CEED LX
948,סקודה סקאלה SCALA AMBITION
949,קיה פיקנטו PICANTO LX
950,קיה ספורטז' SPORTAGE URBAN
951,יונדאי I10 I10 PRIME
952,ניסאן קשקאי QASHQAI TEKNA
953,יונדאי H1 טראק SV
954,ב מ וו X6 M COMPETITION COMPETITION
955,ניסאן קשקאי QASHQAI ACENTA SV
956,סיטרואן ברלינגו BERLINGO LIVE
957,סיאט לאון LEON FR
958,יונדאי איוניק HYBRID PREMIUM
959,ג'יפ גראנד צ'ירוקי GRAND CHEROKEE LIMITED
960,יונדאי I10 I10 SUPREME
961,טויוטה קורולה HSD SDN SENSE
962,MG ZS EV NET-UP S
963,שברולט טראקס TRAX LT
964,שברולט טריילבליזר TRAIL BLAZER LS
965,מיצובישי אאוטלנדר OUTLANDER INSTYLE
966,מזדה CX-5 CX5 EXECUTIVE
967,פיג'ו 3008 3008 ACTIVE PACK
968,בי ווי די ATTO 3 DESIGN
969,פיג'ו 208 208 ACCESS PLUS
970,ניסאן מיקרה MICRA VISIA
971,רנו קנגו KANGOO UTHENTIC 2SD
972,שברולט טריילבליזר TRAIL BLAZER LS
973,סקודה אוקטביה OCTAVIA AMBITION
974,סיאט ארונה ARONA STYLE
975,איסוזו D-Max PICK-UP S
976,ב מ וו סדרה 5 520I BUSINESS
977,יונדאי סונטה HYBRID LIMITED
978,קיה פיקנטו PICANTO EX
979,מרצדס E קלאס E300E AMG
980,קיה נירו NIRO EX
981,סובארו אימפרזה IMPREZA 1.6 PREMIUM
982,פיג'ו 3008 3008 PREMIUM
983,פולקסווגן טיגואן TIGUAN COMFORTLINE
984,MG ZS EV NET-S
985,איסוזו D-Max PICK-UP S
986,סקודה סופרב SUPERB ELEGANCE
987,קיה סלטוס SELTOS EX
988,מיצובישי אטראז ATTRAGE INSTYLE
989,קיה ספורטז' SPORTAGE URBAN
990,טויוטה קורולה HSD SDN SUN
991,ניסאן מיקרה MICRA VISIA
992,סוזוקי ויטארה VITARA GLX
993,סובארו XV XV 1.6 PREMIUM
994,פורד אדג' SEL SEL
995,יונדאי I10 I10 INSIGHT
996,טויוטה קורולה COROLLA LIMITED
997,טויוטה C-HR HYBRID LAUNCH ED.
998,יונדאי קונה KONA PRESTIGE
999,רנו מגאן MEGANE EXPRESSION
1000,ניסאן מיקרה MICRA VISIA
1001,יונדאי טוסון TUCSON TURBO LUXURY
1002,יונדאי איוניק HYBRID PREMIUM
1003,סובארו פורסטר FORESTER B
1004,מרצדס GLE 450 4MATIC AMG COUPE
1005,יונדאי I20 I20 INSPIRE
1006,ניסאן קשקאי QASHQAI ACENTA
1007,סיטרואן C5 AIRCROSS C5 AIRCROSS FEEL
1008,יונדאי I25 I25 INSPIRE
1009,סקודה אוקטביה OCTAVIA AMBITION
1010,סקודה אוקטביה OCTAVIA SPECIAL
1011,קיה פיקנטו PICANTO LX
1012,מזדה 6 MAZDA 6 BLACK EDITIO
1013,MG ZS EV NET-UP S
1014,סקודה אוקטביה OCTAVIA AMBITION
1015,סיאט לאון LEON STYLE
1016,סקודה קודיאק KODIAQ STYLE
1017,מזדה CX-30 CX-30 COMFORT
1018,פולקסווגן גולף GOLF GTI
1019,שברולט ספארק SPARK LT PLUS
1020,סקודה אוקטביה NEW OCTAVIA EXCLUSIVE
1021,יונדאי I30 I30 INSPIRE
1022,לנד רובר רינג' רובר אווק R.ROVER EVOQUE SE 160
1023,סיאט ארונה ARONA STYLE
1024,מזדה CX-5 CX-5 EXECUTIVE
1025,יונדאי I30 I30 INSPIRE
1026,מזדה 2 MAZDA 2 ACTIVE
1027,קיה סטוניק STONIC GT LINE
1028,פולקסווגן גולף GOLF FORTLINE PLU
1029,קיה נירו NIRO LX
1030,סקודה קארוק KAROQ AMBITION
1031,קיה ספורטז' SPORTAGE URBAN
1032,קיה ספורטז' SPORTAGE URBAN
1033,יונדאי IX35 IX35 ELITE
1034,קיה סטוניק STONIC LX
1035,וולבו XC40 T4 MOMENTUM
1036,הונדה HR-V HR-V COMFORT
1037,יונדאי I10 I10 PRIME PLUS
1038,מזדה 3 MAZDA 3 PREMIUM
1039,סיאט איביזה IBIZA REFERENCE
1040,יונדאי קונה KONA PRESTIGE
1041,מיצובישי אאוטלנדר OUTLANDER INTENSE
1042,מיצובישי ASX ASX INTENSE
1043,ג'יפ קומפאס COMPASS 80TH ANNIV
1044,יונדאי איוניק HYBRID PREMIUM
1045,קיה פיקנטו PICANTO GT LINE
1046,סיטרואן C4 פיקאסו C4 PICASSO COMFORT PK
1047,קיה ספורטז' SPORTAGE URBAN
1048,סקודה סופרב SUPERB FL STYLE
1049,אופל אדם ADAM JAM
1050,טויוטה יאריס HYBRID ECO
1051,יונדאי I10 I10 INSIGHT
1052,יונדאי טוסון TUCSON OPEN SKY
1053,טויוטה היילקס HILUX ADVENTURE
1054,טויוטה קורולה SDN SUN
1055,רנו מגאן MEGANE INTENSE
1056,MG ZS ZS NET UP
1057,פיג'ו 208 208 ACTIVE PRO
1058,קאדילאק ATS ATS LUXURY
1059,סיטרואן ברלינגו BERLINGO LIVE
1060,פיג'ו 3008 3008 ACTIVE
1061,ג'יפ גראנד צ'ירוקי GRAND CHEROKEE LIMITED
1062,מיצובישי אאוטלנדר OUTLANDER INSTYLE
1063,מזדה CX-5 MAZDA CX-5 EXECUTIVE
1064,סקודה קודיאק KODIAQ AMBITION
1065,יונדאי איוניק HYBRID PREMIUM
1066,סקודה אוקטביה OCTAVIA AMBITION
1067,מרצדס CLA קלאס CLA180 PROG PLUS
1068,מזדה CX-5 CX-5 LUXURY
1069,יונדאי I10 I10 PRIME
1070,יונדאי I25 I25 PREMIUM
1071,טויוטה RAV4 HYBRID LIMITED
1072,סקודה קודיאק KODIAQ L K
1073,יונדאי טוסון TUCSON PREMIUM
1074,ב מ וו X5 M-SPORT SE M-SPORT SE
1075,סקודה אוקטביה סטיישן OCTAVIA SPACE AMBITION
1076,קיה נירו NIRO LX
1077,קיה ספורטז' SPORTAGE PREMIUM GT
1078,יונדאי I20 I20 INSIGHT
1079,סקודה אוקטביה OCTAVIA AMBITION
1080,רנו מגאן MEGANE INTENSE
1081,יונדאי טוסון TUCSON PRIME
1082,שברולט ספארק SPARK LT PLUS
1083,קיה פיקנטו PICANTO LX
1084,מזדה 5 MAZDA 5 EXECUTIVE
1085,פיג'ו 5008 5008 ACTIVE
1086,מזדה CX-30 CX-30 PREMIUM
1087,טויוטה RAV4 HYBRID E-MOTION SKY
1088,פיג'ו 308 SW SW ACTIVE
1089,מיצובישי פאג'רו PAJERO LIMITED
1090,טויוטה קורולה COROLLA SUN
1091,סיטרואן ברלינגו BERLINGO MAXI
1092,ניסאן ג'וק JUKE TEKNA
1093,דאציה דאסטר DUSTER PRESTIGE
1094,טויוטה קאמרי HYBRID SE
1095,יונדאי I10 I10 PRIME
1096,טויוטה קורולה HSD SDN SUN
1097,מיצובישי אקליפס קרוס ECLIPSE CROSS PREMIUM
1098,מזדה CX-3 CX-3 SPORT
1099,קיה פיקנטו PICANTO LX
1100,פיג'ו 3008 3008 ACTIVE
1101,הונדה סיוויק CIVIC LS
1102,סיאט לאון LEON STYLE
1103,קיה נירו NIRO EX
1104,ב מ וו X5 M-SPORT SE M-SPORT SE
1105,מרצדס GLE 53 4MATIC COUPE EDITIO
1106,סיאט אטקה ATECA STYLE
1107,MG ZS EV NET-UP S
1108,שברולט ספארק SPARK LT PLUS
1109,יונדאי טוסון TUCSON PANORAMIC
1110,רנו קנגו KANGOO AUTHENTIC
1111,יונדאי טוסון TUCSON PRIME PLUS
1112,פיג'ו 3008 3008 ACTIVE
1113,הונדה סיוויק CIVIC ELEGANCE
1114,דאציה דאסטר DUSTER LAUREATE
1115,מזדה 3 MAZDA 3 PREMIUM
1116,ב מ וו סדרה 3 318I BUSINESS
1117,טויוטה וורסו VERSO GLI
1118,פולקסווגן פאסאט PASSAT COMFORTLINE
1119,טויוטה ספייס ורסו SPACE VERSO GLI
1120,סוזוקי בלנו BALENO GLS
1121,אופל אסטרה GTC SPORT
1122,סקודה קארוק KAROQ AMBITION
1123,שברולט טריילבליזר TRAIL BLAZER LS
1124,סקודה אוקטביה OCTAVIA AMBITION
1125,יונדאי איוניק HYBRID PREMIUM
1126,שברולט ספארק SPARK LTZ
1127,קיה ספורטז' SPORTAGE URBAN
1128,סיאט איביזה IBIZA REFERENCE
1129,שברולט ספארק SPARK LT PLUS
1130,מזדה CX-5 CX-5 COMFORT
1131,שברולט טראקס TRAX LT
1132,קיה ספורטז' SPORTAGE TURBO TOP
1133,מזדה 3 MAZDA 3 SPIRIT
1134,מרצדס CLA קלאס CLA180 PROGRESS FLT
1135,שברולט קרוז CRUZE LT TURBO
1136,טויוטה יאריס YARIS SKY
1137,מזדה 3 MAZDA 3 ACTIVE
1138,ניסאן X TRAIL X-TRAIL TEKNA
1139,יונדאי I25 I25 INSPIRE
1140,מזדה CX-5 CX-5 LUXURY
1141,מזדה 2 MAZDA 2 DYNAMIC
1142,אאודי Q3 Q3 SPORT LUXURY
1143,מרצדס CLA קלאס CLA180 AMG LINE FLT
1144,קיה ספורטז' SPORTAGE URBAN
1145,פיג'ו 2008 2008 ACTIVE
1146,שברולט ספארק SPARK LT
1147,שברולט קרוז 1.6 LS
1148,יונדאי IX35 IX35 INSPIRE
1149,ניסאן קשקאי QASHQAI ACENTA
1150,יונדאי אלנטרה HEV SUPREME
1151,מרצדס GLE 400D COUPE AMG FLT
1152,טויוטה יאריס HYBRID STYLE
1153,פורד אקספלורר EXPLORER XLT
1154,יונדאי טוסון TUCSON PREMIUM
1155,טויוטה אאוטלנדר OUTLANDER PHEV LUXURY
1156,ב מ וו סדרה 3 318I BUSINESS
1157,טויוטה קורולה COROLLA SUN
1158,סקודה אוקטביה OCTAVIA ELEGANCE
1159,סובארו פורסטר FORESTER X
1160,לנד רובר דיסקאברי SPORT PET HSE
1161,ניסאן X TRAIL X-TRAIL ACENTA
1162,רנו מגאן MEGANE INTENSE
1163,סקודה אוקטביה OCTAVIA AMBITION
1164,שברולט ספארק SPARK LT
1165,טויוטה קורולה HSD SDN SUN
1166,קיה נירו NIRO LX
1167,קיה פיקנטו PICANTO LX
1168,מזדה 2 MAZDA 2 DEMIO COMF
1169,אאודי Q7 E-TRON PREMIUM
1170,ניסאן קשקאי QASHQAI ACENTA
1171,מרצדס E קלאס E300 E PREMIUM ED
1172,הונדה ג'אז JAZZ COMFORT
1173,מיצובישי אאוטלנדר OUTLANDER INSTYLE
1174,סוזוקי ויטארה VITARA GLXV
1175,פיג'ו 3008 3008 ACTIVE
1176,קיה נירו NIRO LX
1177,סיטרואן C4 קקטוס C4 CACTUS FUN
1178,יונדאי I10 I10 INSTYLE
1179,מזדה 2 MAZDA 2 DYNAMIC
1180,מרצדס S קלאס S 500 E AMG
1181,אאודי Q5 Q5 EXECUTIVE
1182,פיג'ו 301 301 ACTIVE
1183,מרצדס GLA קלאס GLA180 EXCLUSIVE NR
1184,יונדאי I25 I25 PREMIUM
1185,MG ZS EV NET-UP S
1186,ניסאן קשקאי QASHQAI ACENTA TECH
1187,שברולט טריילבליזר TRAIL BLAZER LS
1188,ב מ וו X1 SDRIVE 18I X-LINE
1189,קיה ריו RIO LX
1190,קיה ספורטז' SPORTAGE PREMIUM GT
1191,פיג'ו 3008 3008 PREMIUM
1192,איסוזו D-Max PICK-UP LS
1193,סוזוקי ויטארה VITARA GLX
1194,סקודה קודיאק KODIAQ EXCLUSIVE
1195,סקודה אוקטביה OCTAVIA AMBITION
1196,יונדאי I10 I10 PREMIUM
1197,יונדאי טוסון TUCSON LUXURY
1198,שברולט טריילבליזר TRAIL BLAZER LT PLUS
1199,מיצובישי אאוטלנדר OUTLANDER INTENSE
1200,ב מ וו סדרה 1 120I LUXURY
1201,סיטרואן ברלינגו BERLINGO LIVE
1202,קיה סטוניק STONIC URBAN
1203,שברולט ספארק SPARK LT PLUS
1204,יונדאי איוניק HYBRID PREMIUM FL
1205,יונדאי איוניק HYBRID PREMIUM
1206,יונדאי I25 I25 INSPIRE
1207,מיצובישי אאוטלנדר OUTLANDER SUPREME
1208,מיצובישי אקליפס קרוס ECLIPSE CROSS EXECUTIVE
1209,ניסאן סנטרה SENTRA SV
1210,מזדה 5 MAZDA 5 S
1211,יונדאי טוסון TUCSON TURBO LUXURY
1212,יונדאי סנטה פה HYBRID LUXURY
1213,טסלה MODEL 3 MODEL 3 RWD
1214,מיצובישי אטראז ATTRAGE INSTYLE
1215,סקודה אוקטביה OCTAVIA AMBITION
1216,רנו קליאו CLIO COLLECTION
1217,סקודה סופרב SUPERB AMBITION
1218,סקודה סופרב SUPERB AMBITION
1219,מרצדס GLC 300E 4MATIC PREMIUM
1220,ניסאן קשקאי QASHQAI ACENTA
1221,מזדה 2 MAZDA 2 ACTIVE
1222,ב מ וו סדרה 1 118I STYLE PLAY
1223,סובארו XV XV 1.6 KYOTO
1224,יונדאי I25 I25 INSPIRE
1225,טויוטה קורולה HSD SDN SUN
1226,פולקסווגן גולף GOLF COMFORTLINE
1227,קיה ספורטז' SPORTAGE URBAN
1228,שברולט ספארק SPARK LT PLUS
1229,סיאט ארונה ARONA STYLE
1230,סוזוקי ויטארה VITARA GLXV 2T
1231,קיה סיד CEED LX
1232,טויוטה יאריס YARIS BLACKTOP
1233,יונדאי איוניק HYBRID PREMIUM
1234,מזדה CX-5 CX-5 LUXURY
1235,ב מ וו סדרה 3 318I BUSINESS
1236,טויוטה קורולה COROLLA SUN
1237,טויוטה יאריס CROSS SKY
1238,שברולט ספארק SPARK LT
1239,סקודה אוקטביה OCTAVIA AMBITION
1240,טויוטה C-HR HYBRID CITY
1241,MG ZS EV NET-UP S
1242,טויוטה לנד קרוזר LAND CRUISER SELECT SR
1243,לקסוס UX 300E LUXURY B
1244,שברולט טרוורס TRAVERSE LT
1245,סקודה סקאלה SCALA AMBITION
1246,יונדאי טוסון TUCSON OPEN SKY
1247,טויוטה קורולה SDN SUN
1248,פיג'ו 3008 3008 ACTIVE
1249,מזדה 3 MAZDA 3 COMFORT
1250,סיאט ארונה ARONA FR
1251,ניסאן קשקאי QASHQAI VISIA PLUS
1252,טויוטה קאמרי HYBRID SE
1253,יונדאי איוניק HYBRID PREMIUM FL
1254,סקודה אוקטביה OCTAVIA AMBITION
1255,יונדאי אלנטרה HEV SUPREME
1256,טויוטה קורולה SDN SUN
1257,מזדה CX-5 CX-5 EXECUTIVE
1258,מרצדס GLE 350D 4MATIC COUPE AMG
1259,מזדה CX-5 CX5 EXECUTIVE
1260,MG ZS EV NET-UP S
1261,קיה ספורטז' SPORTAGE URBAN
1262,מיצובישי L-200 L200 DESERT
1263,קיה פיקנטו PICANTO LX
1264,טויוטה קורולה HSD SDN SUN
1265,סאנגיונג רקסטון REXTON EX
1266,קיה פיקנטו PICANTO LX
1267,קיה פיקנטו PICANTO GT LINE
1268,מרצדס CLA קלאס CLA180 AMG LINE FLT
1269,סקודה אוקטביה OCTAVIA AMBITION
1270,אאודי Q2 Q2 DESIGN
1271,קיה סול SOUL EX
1272,יונדאי טוסון TUCSON OPEN SKY
1273,טויוטה קורולה HSD SDN SUN
1274,טויוטה RAV4 HYBRID E-VOLVE
1275,אלפא רומיאו מיטו ALFA MITO MASSIMO
1276,טויוטה RAV4 HYBRID E-VOLVE
1277,יונדאי טוסון TUCSON 0PENSKY PLUS
1278,אאודי E-tron ETRON ADV PREMIUM
1279,רנו קאדג'ר KADJAR ZEN
1280,ניסאן ג'וק JUKE ACENTA
1281,יונדאי אלנטרה ELANTRA GL
1282,אאודי A4 A4 EXECUTIVE
1283,סיטרואן ברלינגו BERLINGO MAXI
1284,סקודה אוקטביה OCTAVIA AMBITION
1285,ניסאן מיקרה MICRA VISIA
1286,פיג'ו 2008 2008 ACCESS
1287,לנד רובר דיסקאברי SPORT TD 180 SE7
1288,ניסאן ג'וק JUKE TEKNA
1289,יונדאי אקסנט ACCENT INSPIRE
1290,סקודה קודיאק KODIAQ AMBITION
1291,מיצובישי ASX ASX PREMIUM
1292,שברולט ספארק SPARK LT PLUS
1293,מרצדס S קלאס S560E ULT ESS AMG
1294,מזדה CX-30 CX-30 EXECUTIVE
1295,סקודה סקאלה SCALA SPORT
1296,פיג'ו 3008 3008 PREMIUM
1297,סובארו XV XV CROSSTREK
1298,איסוזו D-Max PICK-UP LS
1299,טויוטה RAV4 HYBRID E-MOTION
1300,פורד אדג' SEL SEL
1301,איסוזו D-Max D-MAX LS PLUS
1302,לקסוס RX 300 LUXURY
1303,רנו גראנד קופה COUPE INTENSE
1304,מזדה 6 MAZDA 6 LUXURY
1305,רנו מגאן MEGANE INTENSE
1306,יונדאי I25 I25 INSPIRE
1307,סקודה אוקטביה OCTAVIA AMBITION
1308,סיאט אטקה ATECA STYLE PLUS
1309,מיצובישי ASX ASX INSTYLE
1310,סקודה קודיאק KODIAQ STYLE
1311,סוזוקי CROSSOVER SX4 CROSSOVER GLX
1312,מיצובישי אאוטלנדר OUTLANDER INSTYLE
1313,מזדה CX-5 CX-5 EXECUTIVE
1314,ניסאן קשקאי QASHQAI TEKNA
1315,קיה פיקנטו PICANTO LX
1316,טויוטה COROLLA PETROL STYLE
1317,ב מ וו X2 XDRIVE 25E M SPORT
1318,קיה סטוניק STONIC LX
1319,שברולט קרוז CRUZE LT TURBO
1320,סוזוקי ויטארה VITARA GLX
1321,סקודה קודיאק KODIAQ AMBITION
1322,קופרה פורמנטור CUPRA FORMENTOR
1323,טויוטה יאריס YARIS SKY TSS
1324,מזדה 3 MAZDA 3 ACTIVE
1325,טויוטה אוריס HYBRID TS TSS
1326,מזדה CX-5 CX-5 EXECUTIVE
1327,יונדאי I10 I10 SUPREME
1328,שברולט קמארו CAMARO 1LT RS
1329,וולבו XC40 B3 PLUS
1330,סקודה אוקטביה OCTAVIA AMBITION
1331,טויוטה קורולה COROLLA SUN
1332,קיה פיקנטו PICANTO EX
1333,טויוטה קורולה HSD SDN SUN
1334,קיה נירו PHEV LX
1335,קיה ספורטז' SPORTAGE URBAN
1336,טויוטה C-HR HYBRID CITY
1337,מזדה CX-5 CX5 PREMIUM
1338,טויוטה COROLLA PETROL STYLE
1339,מרצדס GLE 350D 4MATIC EXCLUSIVE PL
1340,הונדה HR-V HR-V COMFORT
1341,קיה פיקנטו PICANTO LX
1342,יונדאי טוסון TUCSON PANORAMIC
1343,קיה נירו NIRO EX
1344,קיה ספורטז' SPORTAGE URBAN
1345,טויוטה וורסו VERSO GLI
1346,שברולט קרוז CRUZE LT TURBO
1347,פיאט 500 1.2 LOUNGE
1348,MG ZS EV NET-UP S
1349,מיצובישי אאוטלנדר OUTLANDER INTENSE
1350,קיה ספורטז' SPORTAGE URBAN
1351,מזדה CX-5 CX-5 EXECUTIVE
1352,סוזוקי ג'ימני JIMNY GLX
1353,פיג'ו 208 208 GTI
1354,רנו פלואנס FLUENCE PRIVILEGE
1355,מיצובישי אאוטלנדר OUTLANDER INSTYLE
1356,פיג'ו 3008 3008 ACTIVE
1357,יונדאי טוסון TUCSON TURBO LUXURY
1358,מזדה CX-5 CX-5 EXECUTIVE
1359,ב מ וו סדרה 1 118I SPORT
1360,סקודה סופרב FL MBITION PLUS
1361,פיג'ו 3008 3008 ACTIVE
1362,מרצדס C קלאס C 180 AVANTGARDE
1363,יונדאי איוניק EV PREMIUMEV
1364,מזדה CX-5 MAZDA CX-5 EXECUTIVE
1365,סוזוקי CROSSOVER SX4 CROSSOVER GLX
1366,מזדה CX-5 CX-5 EXECUTIVE
1367,ניסאן קשקאי QASHQAI ACENTA
1368,קיה נירו PHEV LX PLUS
1369,מזדה CX-30 CX-30 PREMIUM
1370,יונדאי I20 I20 INSPIRE
1371,מרצדס GLE GLE400D 4MATIC EXCLU AMG
1372,MG ZS EV NET-UP S
1373,טויוטה קורולה HSD SDN SENSE
1374,מרצדס A קלאס A180 AMG
1375,טויוטה וורסו VERSO GLI
1376,מזדה CX-5 CX-5 EXECUTIVE
1377,קיה ספורטז' SPORTAGE URBAN
1378,יונדאי טוסון TUCSON OPEN SKY
1379,פורד אקספלורר EXPLORER LIMITED
1380,סיאט לאון LEON FR
1381,פולקסווגן גולף GOLF FORTLINE PLU
1382,סיטרואן C5 AIRCROSS C5 AIRCROSS FEEL
1383,טויוטה לנד קרוזר LAND CRUISER LIMITED
1384,יונדאי I20 I20 PRIME
1385,ניסאן קשקאי QASHQAI ACENTA
1386,קיה סטוניק STONIC EX
1387,סיאט אטקה ATECA STYLE
1388,פיג'ו 3008 3008 ACTIVE PACK
1389,MG ZS EV NET-UP S
1390,טויוטה C-HR HYBRID C-ITY
1391,אאודי Q3 Q3 LIMITED
1392,דאציה ספרינג SPRING TOP ESENTIAL
1393,קיה נירו NIRO EX
1394,קיה נירו NIRO EX
1395,ב מ וו X1 SDRIVE 18I BUSINESS
1396,סובארו B4 B4 CLASSIC
1397,מרצדס GLE 350 PREMIUM PLUS
1398,קיה סורנטו SORENTO URBAN
1399,קיה סטוניק STONIC LX
1400,סוזוקי CROSSOVER SX4CROSSOVER GLX
1401,מזדה CX-5 CX-5 LUXURY
1402,קיה ספורטז' SPORTAGE URBAN
1403,סקודה סופרב SUPERB AMBITION
1404,מרצדס GLC COUPE GLC200 COUPE FL AMG LINE FLT
1405,יונדאי I10 I10 PRIME
1406,יונדאי טוסון TUCSON TEXAS
1407,סיטרואן C5 AIRCROSS C5 AIRCROSS SHINE PK
1408,מזדה CX-5 CX-5 EXECUTIVE
1409,רנו קפצ'ור CAPTUR EX PACK
1410,סקודה קודיאק KODIAQ STYLE
1411,סקודה קודיאק KODIAQ BUSINESS
1412,סקודה קארוק KAROQ STYLE
1413,סוזוקי ג'ימני JIMNY GLX
1414,קיה פיקנטו PICANTO LX
1415,קיה XCeed XCEED EX
1416,סיאט איביזה IBIZA AM5
1417,קיה פיקנטו PICANTO EX
1418,איסוזו D-Max PICK - UP S
1419,מזדה 3 MAZDA 3 SPORT
1420,ב מ וו סדרה 5 530E iPERFORMANCE EXCLUSIVE
1421,קיה פיקנטו PICANTO GT LINE
1422,סיאט ארונה ARONA STYLE
1423,קיה נירו NIRO EX
1424,סיטרואן ברלינגו BERLINGO MAXI
1425,שברולט קרוז 1.6 LS
1426,ב מ וו סדרה 3 330E M-SPORT
1427,סיאט ארונה ARONA STYLE
1428,יונדאי I25 I25 INSPIRE
1429,יונדאי I35 I35 SUPREME
1430,סיאט ארונה ARONA STYLE
1431,MG ZS EV NET-S
1432,פיאט דובלו FIAT DOBLO COMBI
1433,יונדאי טוסון TUCSON LUXURY
1434,רנו מגאן MEGANE INTENSE
1435,סקודה קארוק KAROQ STYLE
1436,הונדה סיוויק CIVIC SPORT
1437,סיאט לאון LEON STYLE
1438,סקודה קודיאק KODIAQ AMBITION
1439,מיצובישי אאוטלנדר OUTLANDER PREMIUM
1440,קיה ספורטז' SPORTAGE URBAN
1441,סקודה ראפיד RAPID AMBITION
1442,פולקסווגן ג'טה JETTA TRENDLINE
1443,סקודה סופרב NEW SUPERB AMBITION
1444,קיה ספורטז' SPORTAGE URBAN
1445,ב מ וו X1 SDRIVE 18I BUSINESS
1446,קיה פיקנטו PICANTO EX
1447,יונדאי טוסון TUCSON ELITE TURBO
1448,סקודה סופרב NEW SUPERB EXCLUSIVE
1449,סקודה אוקטביה OCTAVIA AMBITION
1450,טויוטה קורולה COROLLA SUN
1451,ביואיק לקרוס LACROSSE CX
1452,סקודה קודיאק KODIAQ AMBITION
1453,סיאט אטקה ATECA STYLE
1454,הונדה סיוויק CIVIC COMFORT
1455,שברולט ספארק SPARK LT
1456,טויוטה קורולה COROLLA SUN
1457,סוזוקי ויטארה VITARA GLX
1458,סובארו XV XV 1.6 CLASSIC
1459,פיג'ו 3008 3008 PREMIUM
1460,יונדאי טוסון TUCSON TURBO LUXURY
1461,פיג'ו 5008 5008 ACTIVE S.E
1462,הונדה HR-V HR-V COMFORT
1463,קיה פורטה FORTE LX
1464,אאודי A3 SPORTBACK E-TRON LUXURY
1465,ב מ וו X1 SDRIVE 18I LUXURY
1466,פיג'ו 3008 3008 ACTIVE
1467,קיה פיקנטו PICANTO EX
1468,סיטרואן C3 C3 SHINE PK
1469,ניסאן קשקאי QASHQAI ACENTA SV
1470,יונדאי איוניק HYBRID PREMIUM
1471,דאציה לוגאן LOGAN LAUREATE
1472,מיצובישי אקליפס קרוס ECLIPSE CROSS ELITE
1473,ג'יפ גראנד צ'ירוקי L LIMITED
1474,סיטרואן ג'מפי JUMPY MEDIUM N1
1475,סקודה אוקטביה OCTAVIA EXCLUSIVE
1476,סקודה קודיאק KODIAQ STYLE
1477,מיצובישי אאוטלנדר OUTLANDER INSTYLE
1478,ב מ וו סדרה 5 530E M-DESIGN SE
1479,קיה פיקנטו PICANTO LX
1480,טויוטה היילקס HILUX SAHARA
1481,גילי GEOMETRY C 460PRO
1482,מזדה CX-5 CX-5 EXECUTIVE
1483,מיצובישי אקליפס קרוס ECLIPSE CROSS INTENSE
1484,מרצדס CLA קלאס CLA180 PROGRESS FLT
1485,פולקסווגן טיגואן TIGUAN RT AND STYLE
1486,יונדאי איוניק HYBRID PREMIUM
1487,סקודה ראפיד RAPID AMBITION
1488,ניסאן קשקאי +2 QASHQAI PLUS 2 TEKNA
1489,מיצובישי ASX ASX INSTYLE
1490,יונדאי טוסון TUCSON OPEN SKY
1491,סיטרואן C5 AIRCROSS C5 AIRCROSS SHINE PK
1492,סיאט לאון LEON FR PLUS
1493,סוזוקי ג'ימני JIMNY GLX
1494,קיה ספורטז' SPORTAGE URBAN
1495,MG ZS EV NET-UP S
1496,מזדה CX-5 CX-5 EXECUTIVE
1497,אופל אסטרה ברלינה TRA ENJOY
1498,קיה ספורטז' SPORTAGE PREMIUM
1499,אאודי Q3 Q3 EXECUTIVE
1500,פולקסווגן גולף GOLF ENJOY JV2
1501,MG ZS EV NET-UP S
1502,סקודה אוקטביה OCTAVIA ELEGANCE
1503,מיצובישי אאוטלנדר OUTLANDER INSTYLE
1504,סובארו XV XV CROSSTREK PL
1505,ג'יפ רנגלר JEEP WRANGLER RUBICON
1506,ניסאן ליף LEAF ACENTA-TECH
1507,מזדה 5 MAZDA 5 EXECUTIVE
1508,סקודה קודיאק KODIAQ AMBITION
1509,מיצובישי אאוטלנדר OUTLANDER INSTYLE
1510,קיה סלטוס SELTOS EX
1511,סוזוקי אלטו ALTO GLX
1512,מיצובישי אאוטלנדר OUTLANDER INTENSE
1513,סיטרואן ברלינגו BERLINGO XTR
1514,אאודי Q7 E-TRON PREMIUM
1515,טויוטה קורולה COROLLA SUN
1516,סקודה קודיאק KODIAQ AMBITION
1517,ניסאן קשקאי QASHQAI ACENTA
1518,יונדאי טוסון TUCSON PRIME
1519,ניסאן ג'וק JUKE ACENTA-TECK
1520,ג'יפ רנגלר UNLIMITED RUBICON
1521,מזדה CX-5 CX-5 EXECUTIVE
1522,יונדאי טוסון TUCSON OPEN SKY
1523,אופל אסטרה ST ENJOY
1524,סוזוקי ויטארה VITARA GLX
1525,מרצדס E קלאס E300DE AMG FL
1526,ניסאן ג'וק JUKE ENTA-TECH TT
1527,הונדה ג'אז JAZZ COMFORT
1528,ניסאן קשקאי QASHQAI ACENTA
1529,רנו גראנד קופה COUPE INTENSE
1530,מרצדס GLE 400D COUPE AMG PLUS
1531,סוזוקי סוויפט SWIFT GLS
1532,סקודה ראפיד RAPID AMBITION
1533,טויוטה קורולה COROLLA SUN CC
1534,שברולט אקוינוקס EQUINOX LT
1535,טויוטה RAV4 RAV 4 EXPERIENCE
1536,פולקסווגן גולף GOLF FORTLINE PLU
1537,יונדאי טוסון TUCSON SUPREME
1538,פיג'ו 2008 2008 ACTIVE GO
1539,ב מ וו סדרה 3 318I BUSINESS
1540,קיה ספורטז' SPORTAGE URBAN
1541,קיה ספורטז' SPORTAGE URBAN
1542,מרצדס CLA קלאס CLA250 AMG LINE
1543,מיצובישי ASX ASX INSTYLE
1544,סיטרואן C3 אירקרוסר C3 AIRCROSS SHINE PK
1545,וולבו XC60 T6 EXTREME
1546,טויוטה יאריס HYBRID ECO
1547,שברולט אימפלה IMPALA LTZ
1548,MG ZS ZS NET UP
1549,יונדאי I20 I20 PRESTIGE
1550,קיה ספורטז' SPORTAGE PREMIUM
1551,קיה ספורטז' SPORTAGE URBAN
1552,סקודה אוקטביה OCTAVIA AMBITION
1553,פיג'ו 3008 3008 PREMIUM
1554,קיה ספורטז' SPORTAGE URBAN
1555,סקודה סופרב SUPERB AMBITION
1556,מזדה 6 MAZDA 6 LUXURY
1557,ב מ וו X5 SDRIVE 25D EXECUTIVE
1558,פיג'ו 301 301 ACTIVE
1559,יונדאי טוסון TUCSON PRIME PLUS
1560,קיה ספורטז' SPORTAGE URBAN
1561,מזדה 6 MAZDA 6 SIGNATURE
1562,סקודה סופרב SUPERB AMBITION
1563,מזדה 3 MAZDA 3 SPORT
1564,מזדה CX-5 CX-5 EXECUTIVE
1565,יונדאי I30 I30 INSPIRE
1566,מרצדס GLC 300E 4MATIC AMG LINE
1567,מזדה 3 MAZDA 3 ACTIVE
1568,מזדה 2 MAZDA 2 DYNAMIC
1569,מיצובישי ASX ASX PREMIUM
1570,פיג'ו 2008 2008 ACTIVE
1571,מזדה CX-5 CX5 EXECUTIVE
1572,ניסאן קשקאי QASHQAI ACENTA
1573,סקודה אוקטביה OCTAVIA AMBITION
1574,יונדאי I10 I10 PRIME
1575,יונדאי קונה KONA PRESTIGE
1576,שברולט טראקס TRAX LT LUX
1577,מרצדס EQC EQA250 ELEC NR
1578,טויוטה יאריס YARIS SKY
1579,צ'רי טיגו TIGGO 8 PRO NOBEL
1580,ג'יפ רנגלר UNLIMITED RUBICON 392
1581,יונדאי טוסון TUCSON PREMIUM
1582,פולקסווגן ג'טה JETTA TRENDLINE
1583,קיה נירו NIRO EX
1584,סיאט לאון LEON FR
1585,וולבו XC60 B5 MOMENTUM
1586,שברולט ספארק SPARK LT PLUS
1587,מיצובישי אקליפס קרוס ECLIPSE CROSS INSTYLE
1588,פיג'ו 108 108 ACTIVE
1589,לקסוס NX 300 PREMIUM
1590,ניסאן קשקאי QASHQAI VISIA
1591,מזדה CX-5 CX5 EXECUTIVE
1592,רנו גראנד קופה COUPE INTENSE
1593,אאודי Q3 Q3 DESIGN
1594,מיצובישי L-200 L200 INVITE
1595,שברולט מאליבו MALIBU LT LT
1596,פיג'ו 2008 2008 ACTIVE GO
1597,סקודה סופרב SUPERB AMBITION
1598,רנו קליאו III EXTREME
1599,קיה ספורטז' SPORTAGE URBAN
1600,דאציה סנדרו SANDERO LAUREATE
1601,שברולט אקוינוקס EQUINOX LT PLUS
1602,טויוטה קורולה קרוס COROLLA CROSS ADVENTURE
1603,קיה פיקנטו PICANTO EX
1604,סקודה אוקטביה OCTAVIA AMBITION
1605,טויוטה יאריס CROSS HSD ECO
1606,פולקסווגן אטלס ATLAS SE
1607,סקודה אוקטביה OCTAVIA AMBITION
1608,טסלה MODEL 3 MODEL 3 LONG RANGE
1609,סקודה סופרב SUPERB AMBITION
1610,אאודי A4 A4 ADVANCED
1611,קיה סטוניק STONIC EX
1612,פולקסווגן גולף GOLF TRENDLINE
1613,סקודה קודיאק KODIAQ AMBITION
1614,קיה פיקנטו PICANTO LX
1615,מזדה 6 MAZDA 6 EXECUTIVE
1616,מיצובישי ספייס סטאר SPACE STAR SUPREME
1617,מיצובישי אאוטלנדר OUTLANDER INVITE
1618,סקודה קארוק KAROQ PREMIUM
1619,סקודה קודיאק KODIAQ STYLE
1620,טויוטה קורולה COROLLA SUN
1621,טויוטה C-HR HYBRID CHIC
1622,סקודה אוקטביה OCTAVIA AMBITION
1623,יונדאי אלנטרה ELANTRA HEV PREMIUM
1624,אאודי Q3 Q3 ADVANCED
1625,קיה XCeed XCEED LX
1626,קיה פיקנטו PICANTO LX
1627,קאדילאק XT5 XT5 LUXURY
1628,גילי GEOMETRY C 460PRO
1629,פולקסווגן ג'טה JETTA TRENDLINE
1630,ניסאן קשקאי QASHQAI ACENTA
1631,פורד פוקוס FOCUS TREND
1632,פיג'ו 3008 3008 ACTIVE
1633,יונדאי I25 I25 INSPIRE
1634,קיה פיקנטו PICANTO LX
1635,פיג'ו 2008 2008 PREMIUM
1636,סקודה ראפיד RAPID AMBITION
1637,וולבו XC40 B3 PLUS
1638,מזדה 2 MAZDA 2 DYNAMIC
1639,יונדאי טוסון TUCSON OPEN SKY
1640,צ'רי טיגו TIGGO 7 PRO COMFORT
1641,פיג'ו 2008 2008 ACTIVE GO
1642,טויוטה קורולה HSD SDN SUN
1643,פיג'ו 108 108 ACTIVE
1644,איסוזו D-Max PICK-UP LS
1645,קיה ספורטז' SPORTAGE URBAN
1646,ג'יפ רנגלר UNLIMITED RUBICON 392
1647,מיצובישי ספייס סטאר SPACE STAR SUPREME
1648,מרצדס CLA קלאס CLA250 AMG PLUS
1649,מרצדס CLA קלאס CLA180 PROGRESS FLT
1650,יונדאי טוסון TUCSON PRIME
1651,ב מ וו סדרה 5 530E iPERFORMANCE M SPORT
1652,פיג'ו 2008 2008 ACTIVE GO
1653,סיאט לאון LEON FR PLUS
1654,אאודי Q3 Q3 EXECUTIVE
1655,מזדה 3 MAZDA 3 SPORT
1656,אופל מוקה X ENJOY - SR
1657,קיה ספורטז' SPORTAGE URBAN
1658,מיצובישי גרנדיס GRANDIS EXECUTIVE
1659,מיצובישי אאוטלנדר OUTLANDER INTENSE
1660,מזדה 3 MAZDA 3 PREMIUM
1661,קיה ספורטז' SPORTAGE URBAN
1662,טויוטה קורולה SDN SUN
1663,קיה ספורטז' SPORTAGE PREMIUM GT
1664,סובארו פורסטר FORESTER X
1665,יונדאי I20 I20 INSPIRE
1666,סיטרואן ג'מפי JUMPY L1-H1/10K
1667,MG ZS EV NET-UP S
1668,מרצדס GLA קלאס 35 EDITION
1669,ב מ וו סדרה 5 530E M-DESIGN SE
1670,יונדאי אלנטרה ELANTRA INSPIRE SR
1671,מיצובישי אאוטלנדר OUTLANDER INSTYLE
1672,סובארו פורסטר FORESTER 2.0X
1673,פורד פוקוס FOCUS TREND
1674,קיה פיקנטו PICANTO SPORT
1675,ב מ וו X4 XDRIVE20I EXECUTIVE
1676,מזדה 3 MAZDA 3 PREMIUM
1677,סקודה אוקטביה OCTAVIA RS
1678,מרצדס קלאס C C180 AMG LINE FLT
1679,פיג'ו 3008 3008 GT
1680,יונדאי טוסון TUCSON SUPREME
1681,מיצובישי אאוטלנדר OUTLANDER INSTYLE
1682,טויוטה יאריס YARIS SKY
1683,פיג'ו 308 SW SW ACTIVE
1684,סובארו XV XV 1.6 CLASSIC
1685,קיה ספורטז' SPORTAGE URBAN
1686,סקודה אוקטביה OCTAVIA AMBIENTE
1687,קיה פיקנטו PICANTO LX
1688,קיה ספורטז' SPORTAGE URBAN
1689,שברולט טריילבליזר TRAIL BLAZER LS
1690,שברולט ספארק SPARK PREMIER
1691,טויוטה קורולה HSD SDN SUN
1692,מיצובישי אאוטלנדר OUTLANDER INSTYLE
1693,הונדה סיוויק CIVIC ES
1694,מזדה 5 MAZDA 5 LUXURY
1695,רנו קאדג'ר KADJAR LIFE
1696,פיג'ו 2008 2008 ACTIVE
1697,קיה נירו NIRO EX
1698,סוזוקי ויטארה VITARA GLXV
1699,ניסאן X TRAIL X-TRAIL TEKNA
1700,מזדה CX-5 CX5 LUXURY
1701,אאודי A3 SPORTBACK SLINE SHARP
1702,ניסאן קשקאי QASHQAI ACENTA
1703,פיג'ו 3008 3008 PREMIUM
1704,מזדה 3 MAZDA 3 SPORT
1705,שברולט ספארק SPARK PREMIER
1706,טויוטה לנד קרוזר LAND CRUISER LUXURY
1707,ניסאן קשקאי QASHQAI ACENTA TECH
1708,סקודה אוקטביה OCTAVIA AMBITION
1709,מיצובישי פאג'רו PAJERO DAKAR
1710,מזדה CX-5 CX-5 EXECUTIVE
1711,סקודה קארוק KAROQ STYLE
1712,סקודה אוקטביה OCTAVIA AMBITION
1713,קיה פיקנטו PICANTO LX
1714,טויוטה קורולה HSD SDN SUN
1715,קיה נירו NIRO EX
1716,פורד מוסטנג MUSTANG ECO PREMIUM
1717,קיה ספורטז' SPORTAGE URBAN
1718,מיצובישי אאוטלנדר OUTLANDER INTENSE
1719,טויוטה C-HR C-HR CITY
1720,דאציה דאסטר DUSTER LAUREATE
1721,וולבו XC40 RECHARGET5 PHEV INS EXP
1722,סקודה סופרב SUPERB ELITE
1723,טויוטה לנד קרוזר LAND CRUISER LUXURY E6
1724,מזדה 2 MAZDA 2 DYNAMIC
1725,לקסוס UX 250H LUXURY
1726,שברולט ספארק SPARK LTZ
1727,יונדאי I25 I25 PREMIUM
1728,ב מ וו סדרה 3 330E IPERFORMAN EXCLUSIVE
1729,יונדאי סונטה HYBRID LIMITED
1730,מיצובישי אטראז ATTRAGE INSTYLE
1731,ב מ וו M4 COMPETITION COMPETITION
1732,MG ZS EV NET-UP S
1733,יונדאי סונטה HYBRID LIMITED
1734,טויוטה קורולה SDN SUN
1735,פיג'ו 2008 2008 PREMIUM
1736,סיטרואן C1 C1 COMFORT
1737,יונדאי איוניק HYBRID PREMIUM
1738,קיה פיקנטו PICANTO LX
1739,טויוטה C-HR HYBRID C-HIC
1740,ג'יפ קומפאס COMPASS LIMITED PLUS
1741,יונדאי סונטה HYBRID LIMITED
1742,שברולט אקוינוקס EQUINOX LT
1743,סאנגיונג רקסטון REXTON EX
1744,ג'יפ רנגלר WRANGLER ETQ SPORT
1745,טויוטה קורולה COROLLA GLI
1746,סיטרואן ברלינגו BERLINGO COMFORT
1747,סובארו פורסטר FORESTER SPORT
1748,סקודה סופרב NEW SUPERB EXCLUSIVE
1749,אאודי Q5 Q5 EXECUTIVE
1750,מיצובישי אאוטלנדר OUTLANDER INTENSE
1751,טויוטה יאריס HYBRID STYLE
1752,יונדאי I20 I20 PRIME
1753,טויוטה RAV4 PLUG IN E-MOTION
1754,פיאט דובלו FIAT DOBLO COMBI
1755,יונדאי סונטה HYBRID LIMITED
1756,יונדאי אלנטרה ELANTRA GL
1757,סקודה אוקטביה OCTAVIA AMBITION
1758,וולבו XC40 T3 MOM LEATHER
1759,טויוטה יאריס YARIS BLACKTOP
1760,קיה ספורטז' SPORTAGE URBAN
1761,מיני קאנטרימן COUNTRYMAN PEPPER
1762,יונדאי I20 I20 PRIME PLUS
1763,ניסאן X TRAIL X-TRAIL TEKNA
1764,מיצובישי אאוטלנדר OUTLANDER INTENSE
1765,סיטרואן ברלינגו BERLINGO COMFORT PLUS
1766,רנו קאדג'ר KADJAR INTENSE
1767,יונדאי איוניק HYBRID PREMIUM FL
1768,קיה נירו NIRO EX
1769,יונדאי סנטה פה SANTA FE SUPREME
1770,פורד פוקוס FOCUS TREND
1771,יונדאי טוסון TUCSON SUPREME
1772,סיטרואן C5 AIRCROSS C5 AIRCROSS FEEL
1773,לנד רובר רינג' רובר אווק R ROVER EVOQUE S
1774,יונדאי טוסון TUCSON PRESTIGE
1775,מיצובישי ספייס סטאר SPACE STAR PREMIUM
1776,SERES E3 EV EV
1777,פיג'ו 3008 3008 ACTIVE
1778,ג'יפ רנגלר WRANGLER 2D SPORT S
1779,קיה סטוניק STONIC PREMIUM
1780,טויוטה קורולה SDN SUN
1781,ניסאן קשקאי QASHQAI VISIA
1782,שברולט טריילבליזר TRAIL BLAZER LT PLUS
1783,מיצובישי אאוטלנדר OUTLANDER PREMIUM
1784,קיה ספורטז' SPORTAGE URBAN
1785,הונדה HR-V HR-V COMFORT
1786,קיה ספורטז' SPORTAGE URBAN
1787,מזדה 3 MAZDA 3 COMFORT
1788,טויוטה קורולה סטיישן SPACE
1789,ניסאן קשקאי QASHQAI ACENTA
1790,אאודי SQ5 SQ5 LUXURY
1791,סיטרואן C5 AIRCROSS C5 AIRCROSS FEEL
1792,פורד אדג' EDGE TITANIUM TITANIUM
1793,מיצובישי אטראז ATTRAGE INSTYLE
1794,קיה ספורטז' SPORTAGE URBAN
1795,אאודי Q2 Q2 DESIGN
1796,קיה ספורטז' SPORTAGE URBAN
1797,רנו גראנד קופה COUPE INTENSE
1798,סקודה אוקטביה OCTAVIA AMBITION
1799,טויוטה RAV4 HYBRID PREMIUM
1800,אאודי Q7 Q7 PREMIUM
1801,ג'יפ רנגלר WRANGLER RUBICON
1802,מיצובישי אטראז ATTRAGE INSTYLE
1803,קיה ספורטז' SPORTAGE PREMIUM GT
1804,יונדאי איוניק HYBRID SUPREME
1805,טויוטה קורולה סטיישן SPACE
1806,פיאט 500X 500X POP STAR
1807,קיה פיקנטו PICANTO EX
1808,אאודי A4 A4 LIMITED
1809,קיה נירו NIRO EX
1810,טויוטה RAV4 HYBRID E-MOTION
1811,מיצובישי אקליפס קרוס ECLIPSE CROSS EXECUTIVE
1812,ג'יפ רנגלר WRANGLER ETQ SPORT S
1813,וולבו XC40 B3 PLUS
1814,מזדה 3 MAZDA 3 SPORT
1815,קיה פיקנטו PICANTO EX
1816,סקודה סופרב SUPERB STYLE
1817,סקודה אוקטביה OCTAVIA STYLE
1818,קיה ספורטז' SPORTAGE PREMIUM GT
1819,קיה נירו NIRO LX
1820,טויוטה קורולה סטיישן SPACE
1821,מיצובישי אקליפס קרוס ECLIPSE CROSS PREMIUM
1822,טויוטה קורולה HSD SDN SUN
1823,קיה פיקנטו PICANTO EX
1824,יונדאי I10 I10 PRIME
1825,טויוטה לנד קרוזר LAND CRUISER LUXURY 5
1826,רנו קאדג'ר KADJAR INTENSE
1827,אופל אסטרה ברלינה BERLINA ENJOY
1828,ב מ וו X6 XDRIVE 30D M-SUPERIOR
1829,ניסאן קשקאי QASHQAI TEKNA
1830,יונדאי טוסון TUCSON PANORAMIC
1831,MG ZS EV NET-UP S
1832,יונדאי וניו VENUE SUPREME
1833,יונדאי טוסון TUCSON PREMIUM
1834,מרצדס S קלאס S560 4MATIC ESSENCE A
1835,טסלה MODEL 3 MODEL 3 PERFORMANCE
1836,שברולט קמארו CAMARO LT1 SS
1837,מרצדס CLA קלאס CLA180 PROGRESS FLT
1838,יונדאי קונה KONA SUPREME
1839,פיג'ו 3008 3008 PREMIUM
1840,יונדאי I25 I25 INSPIRE
1841,מיצובישי אקליפס קרוס ECLIPSE CROSS INTENSE
1842,סקודה אוקטביה OCTAVIA AMBITION
1843,יונדאי סונטה HYBRID LIMITED
1844,מרצדס GLE 350 4MATIC AMG
1845,מזדה CX-5 CX5 EXECUTIVE
1846,רנו קליאו CLIO EX PACK PLUS
1847,רנו קאדג'ר KADJAR LIFE
1848,טויוטה קורולה HSD SDN SUN
1849,יונדאי טוסון TUCSON PANORAMIC
1850,קיה XCeed XCEED LX
1851,ג'יפ צ'ירוקי JEEP CHEROKEE LIMITED
1852,פיג'ו 208 208 ACCESS
1853,סקודה אוקטביה OCTAVIA AMBITION
1854,שברולט אקוינוקס EQUINOX LT PLUS
1855,טויוטה לנד קרוזר LAND CRUISER LUXURY
1856,הונדה אינסייט HYBRID COMFORT
1857,קיה ריו RIO EX
1858,סוזוקי ויטארה VITARA GLXV
1859,קיה ספורטז' SPORTAGE TURBO TOP
1860,קיה נירו NIRO EX
1861,יונדאי אלנטרה ELANTRA INSPIRE SR
1862,סקודה אוקטביה OCTAVIA AMBITION
1863,קיה ספורטז' SPORTAGE URBAN
1864,סיטרואן C3 אירקרוסר C3 AIRCROSS SHINE PK
1865,הונדה ג'אז JAZZ TREND
1866,סובארו XV XV 1.6 I
1867,שברולט טרוורס TRAVERSE LT
1868,קיה סיד CEED LX
1869,מזדה CX-5 CX-5 EXECUTIVE
1870,מיצובישי אאוטלנדר OUTLANDER INTENSE
1871,יונדאי איוניק HYBRID PREMIUM
1872,ניסאן ג'וק JUKE ACENTA
1873,קיה ספורטז' SPORTAGE URBAN
1874,ב מ וו סדרה 5 545E XDRIVE M-SPORT
1875,יונדאי סנטה פה SANTA FE LUXURY
1876,ניסאן X TRAIL X-TRAIL ACENTA
1877,אאודי A5 SPORTBACK ADV LUXURY
1878,וולבו S80 T4 BUSINESS
1879,מיצובישי אאוטלנדר OUTLANDER INSTYLE
1880,מזדה 5 MAZDA 5 EXECUTIVE
1881,ניסאן קשקאי QASHQAI TECH DESIGN
1882,קיה נירו PHEV EX
1883,קיה פיקנטו PICANTO LX
1884,סיטרואן C4 גראנד פיקסו C4 GD PICASSO SX
1885,קיה ספורטז' SPORTAGE URBAN
1886,סוזוקי ויטארה HYBRID GLX
1887,פורד גלאקסי GALAXY TITANIUM
1888,סובארו XV XV CROSSTREK
