,engine
0,1998 ליטר בנזין
1,1999 ליטר בנזין
2,1999 ליטר בנזין
3,1399 ליטר בנזין
4,1598 ליטר בנזין
5,1498 ליטר בנזין
6,1580 ליטר בנזין
7,1991 ליטר בנזין
8,1798 ליטר בנזין
9,998 ליטר בנזין
10,1999 ליטר בנזין
11,1998 ליטר בנזין
12,998 ליטר בנזין
13,998 ליטר בנזין
14,1998 ליטר בנזין
15,1364 ליטר בנזין
16,3604 ליטר בנזין
17,3456 ליטר בנזין
18,1461 ליטר דיזל
19,1332 ליטר בנזין
20,1998 ליטר בנזין
21,חשמלי
22,2996 ליטר חשמל/בנזין
23,1998 ליטר בנזין
24,1997 ליטר חשמל/בנזין
25,1984 ליטר בנזין
26,998 ליטר בנזין
27,999 ליטר בנזין
28,996 ליטר בנזין
29,1395 ליטר בנזין
30,1598 ליטר בנזין
31,999 ליטר בנזין
32,1995 ליטר בנזין
33,1798 ליטר בנזין
34,2497 ליטר בנזין
35,1197 ליטר בנזין
36,1390 ליטר בנזין
37,1399 ליטר בנזין
38,1490 ליטר בנזין
39,1999 ליטר בנזין
40,3497 ליטר בנזין
41,1332 ליטר בנזין
42,1600 ליטר בנזין
43,1598 ליטר דיזל
44,1242 ליטר בנזין
45,1197 ליטר בנזין
46,1199 ליטר בנזין
47,3564 ליטר בנזין
48,1998 ליטר בנזין
49,חשמלי
50,1399 ליטר בנזין
51,1598 ליטר דיזל
52,1998 ליטר בנזין
53,1242 ליטר בנזין
54,1197 ליטר בנזין
55,1498 ליטר בנזין
56,1248 ליטר בנזין
57,1591 ליטר בנזין
58,1598 ליטר בנזין
59,1997 ליטר בנזין
60,1798 ליטר בנזין
61,1332 ליטר בנזין
62,1199 ליטר בנזין
63,1399 ליטר בנזין
64,898 ליטר בנזין
65,1193 ליטר בנזין
66,1998 ליטר בנזין
67,1999 ליטר בנזין
68,2967 ליטר דיזל
69,998 ליטר בנזין
70,1399 ליטר בנזין
71,1998 ליטר בנזין
72,2498 ליטר בנזין
73,1560 ליטר דיזל
74,1461 ליטר דיזל
75,1798 ליטר בנזין
76,999 ליטר בנזין
77,1591 ליטר בנזין
78,חשמלי
79,1598 ליטר בנזין
80,1999 ליטר בנזין
81,1242 ליטר בנזין
82,1997 ליטר דיזל
83,1968 ליטר דיזל
84,998 ליטר בנזין
85,1598 ליטר בנזין
86,1498 ליטר בנזין
87,1598 ליטר בנזין
88,1560 ליטר דיזל
89,1248 ליטר בנזין
90,1591 ליטר בנזין
91,1595 ליטר בנזין
92,1199 ליטר בנזין
93,1998 ליטר בנזין
94,1998 ליטר בנזין
95,1598 ליטר בנזין
96,1798 ליטר בנזין
97,1318 ליטר בנזין
98,1498 ליטר בנזין
99,1580 ליטר בנזין
100,1998 ליטר בנזין
101,1995 ליטר בנזין
102,1598 ליטר דיזל
103,1586 ליטר בנזין
104,1499 ליטר בנזין
105,1798 ליטר בנזין
106,1995 ליטר בנזין
107,1799 ליטר בנזין
108,998 ליטר בנזין
109,1499 ליטר חשמל/בנזין
110,1399 ליטר בנזין
111,1598 ליטר בנזין
112,1198 ליטר בנזין
113,898 ליטר בנזין
114,1998 ליטר בנזין
115,1395 ליטר בנזין
116,1580 ליטר בנזין
117,1798 ליטר בנזין
118,1998 ליטר בנזין
119,1598 ליטר דיזל
120,1995 ליטר בנזין
121,1995 ליטר בנזין
122,1998 ליטר בנזין
123,1461 ליטר דיזל
124,1332 ליטר בנזין
125,1998 ליטר בנזין
126,1395 ליטר חשמל/בנזין
127,1991 ליטר בנזין
128,1999 ליטר בנזין
129,1197 ליטר בנזין
130,1998 ליטר בנזין
131,1999 ליטר בנזין
132,999 ליטר בנזין
133,1998 ליטר בנזין
134,1991 ליטר בנזין
135,1991 ליטר בנזין
136,1998 ליטר חשמל/בנזין
137,1461 ליטר דיזל
138,1598 ליטר בנזין
139,1999 ליטר בנזין
140,1999 ליטר בנזין
141,998 ליטר בנזין
142,1560 ליטר דיזל
143,1998 ליטר בנזין
144,1242 ליטר בנזין
145,1248 ליטר בנזין
146,1197 ליטר בנזין
147,1998 ליטר בנזין
148,1998 ליטר בנזין
149,3497 ליטר בנזין
150,998 ליטר בנזין
151,1580 ליטר בנזין
152,1248 ליטר בנזין
153,1396 ליטר בנזין
154,1197 ליטר בנזין
155,1197 ליטר בנזין
156,1248 ליטר בנזין
157,999 ליטר בנזין
158,1598 ליטר בנזין
159,1197 ליטר בנזין
160,1461 ליטר דיזל
161,1199 ליטר בנזין
162,999 ליטר בנזין
163,1373 ליטר בנזין
164,1395 ליטר בנזין
165,1598 ליטר דיזל
166,1998 ליטר בנזין
167,1798 ליטר בנזין
168,1395 ליטר חשמל/בנזין
169,2487 ליטר בנזין
170,1598 ליטר בנזין
171,1991 ליטר בנזין
172,2997 ליטר דיזל
173,1995 ליטר בנזין
174,1499 ליטר בנזין
175,1598 ליטר דיזל
176,1598 ליטר דיזל
177,1496 ליטר בנזין
178,999 ליטר בנזין
179,1197 ליטר בנזין
180,1490 ליטר בנזין
181,1580 ליטר בנזין
182,1598 ליטר בנזין
183,1197 ליטר בנזין
184,1580 ליטר בנזין
185,1984 ליטר בנזין
186,2498 ליטר בנזין
187,1461 ליטר דיזל
188,1580 ליטר בנזין
189,1798 ליטר בנזין
190,998 ליטר בנזין
191,1395 ליטר בנזין
192,1498 ליטר בנזין
193,1999 ליטר בנזין
194,1998 ליטר בנזין
195,1086 ליטר בנזין
196,1199 ליטר בנזין
197,1999 ליטר בנזין
198,3604 ליטר בנזין
199,1197 ליטר בנזין
200,1995 ליטר בנזין
201,1998 ליטר בנזין
202,3649 ליטר בנזין
203,1598 ליטר בנזין
204,1598 ליטר דיזל
205,2499 ליטר דיזל
206,1796 ליטר בנזין
207,1498 ליטר בנזין
208,1461 ליטר דיזל
209,1598 ליטר בנזין
210,1197 ליטר בנזין
211,1498 ליטר בנזין
212,995 ליטר בנזין
213,1248 ליטר בנזין
214,1498 ליטר בנזין
215,1596 ליטר בנזין
216,1197 ליטר בנזין
217,1998 ליטר בנזין
218,1496 ליטר בנזין
219,1498 ליטר בנזין
220,1598 ליטר בנזין
221,1998 ליטר בנזין
222,1248 ליטר בנזין
223,998 ליטר בנזין
224,1462 ליטר בנזין
225,2488 ליטר בנזין
226,1396 ליטר בנזין
227,1999 ליטר בנזין
228,1999 ליטר בנזין
229,1498 ליטר בנזין
230,1598 ליטר דיזל
231,1580 ליטר בנזין
232,1591 ליטר בנזין
233,1461 ליטר דיזל
234,1999 ליטר בנזין
235,999 ליטר בנזין
236,חשמלי
237,1999 ליטר בנזין
238,2143 ליטר דיזל
239,1999 ליטר בנזין
240,1197 ליטר בנזין
241,3700 ליטר בנזין
242,999 ליטר בנזין
243,1995 ליטר בנזין
244,2755 ליטר דיזל
245,1995 ליטר בנזין
246,1193 ליטר בנזין
247,2499 ליטר דיזל
248,999 ליטר בנזין
249,1997 ליטר בנזין
250,1586 ליטר בנזין
251,1395 ליטר חשמל/בנזין
252,998 ליטר בנזין
253,1248 ליטר בנזין
254,1987 ליטר בנזין
255,1984 ליטר בנזין
256,2359 ליטר בנזין
257,1591 ליטר בנזין
258,1496 ליטר בנזין
259,1318 ליטר בנזין
260,2268 ליטר דיזל
261,1499 ליטר דיזל
262,1332 ליטר בנזין
263,1998 ליטר בנזין
264,1499 ליטר בנזין
265,3000 ליטר בנזין
266,2755 ליטר דיזל
267,1197 ליטר בנזין
268,1598 ליטר דיזל
269,1995 ליטר בנזין
270,1199 ליטר בנזין
271,1598 ליטר בנזין
272,1332 ליטר בנזין
273,1362 ליטר בנזין
274,1598 ליטר בנזין
275,1332 ליטר בנזין
276,1499 ליטר בנזין
277,1197 ליטר בנזין
278,1496 ליטר בנזין
279,1086 ליטר בנזין
280,1598 ליטר בנזין
281,1598 ליטר דיזל
282,1598 ליטר דיזל
283,1598 ליטר בנזין
284,1995 ליטר דיזל
285,1598 ליטר דיזל
286,1998 ליטר בנזין
287,2487 ליטר בנזין
288,3649 ליטר בנזין
289,1969 ליטר חשמל/בנזין
290,1580 ליטר בנזין
291,1596 ליטר בנזין
292,1798 ליטר בנזין
293,1998 ליטר בנזין
294,3564 ליטר בנזין
295,2359 ליטר בנזין
296,1580 ליטר בנזין
297,1598 ליטר בנזין
298,1998 ליטר בנזין
299,1998 ליטר בנזין
300,3564 ליטר בנזין
301,1798 ליטר בנזין
302,1998 ליטר בנזין
303,2360 ליטר חשמל/בנזין
304,1395 ליטר בנזין
305,1248 ליטר בנזין
306,1580 ליטר בנזין
307,1248 ליטר בנזין
308,1499 ליטר דיזל
309,2268 ליטר דיזל
310,1591 ליטר בנזין
311,1461 ליטר דיזל
312,1368 ליטר בנזין
313,3497 ליטר בנזין
314,1461 ליטר דיזל
315,1199 ליטר בנזין
316,1490 ליטר בנזין
317,חשמלי
318,2359 ליטר בנזין
319,999 ליטר בנזין
320,1998 ליטר בנזין
321,999 ליטר בנזין
322,2360 ליטר חשמל/בנזין
323,1999 ליטר בנזין
324,1499 ליטר דיזל
325,1998 ליטר בנזין
326,1199 ליטר בנזין
327,1798 ליטר בנזין
328,1591 ליטר בנזין
329,1395 ליטר בנזין
330,חשמלי
331,1995 ליטר בנזין
332,1248 ליטר בנזין
333,1497 ליטר בנזין
334,1368 ליטר בנזין
335,1591 ליטר בנזין
336,1998 ליטר בנזין
337,1798 ליטר בנזין
338,1332 ליטר בנזין
339,1999 ליטר בנזין
340,1998 ליטר בנזין
341,1461 ליטר דיזל
342,1999 ליטר בנזין
343,1995 ליטר בנזין
344,1997 ליטר חשמל/בנזין
345,1591 ליטר בנזין
346,1248 ליטר בנזין
347,1591 ליטר בנזין
348,1798 ליטר בנזין
349,1248 ליטר בנזין
350,999 ליטר בנזין
351,1332 ליטר בנזין
352,898 ליטר בנזין
353,1749 ליטר דיזל
354,1395 ליטר בנזין
355,1984 ליטר בנזין
356,999 ליטר בנזין
357,1461 ליטר דיזל
358,998 ליטר בנזין
359,1798 ליטר בנזין
360,2268 ליטר דיזל
361,1368 ליטר בנזין
362,999 ליטר בנזין
363,1999 ליטר בנזין
364,999 ליטר בנזין
365,1499 ליטר דיזל
366,1499 ליטר בנזין
367,1248 ליטר בנזין
368,998 ליטר בנזין
369,1998 ליטר בנזין
370,1248 ליטר בנזין
371,1197 ליטר בנזין
372,1498 ליטר בנזין
373,1991 ליטר בנזין
374,1600 ליטר בנזין
375,1193 ליטר בנזין
376,2488 ליטר בנזין
377,1591 ליטר בנזין
378,3604 ליטר בנזין
379,1332 ליטר בנזין
380,2494 ליטר בנזין
381,1497 ליטר בנזין
382,1798 ליטר בנזין
383,1984 ליטר בנזין
384,1197 ליטר בנזין
385,1595 ליטר בנזין
386,1598 ליטר בנזין
387,2143 ליטר דיזל
388,3497 ליטר בנזין
389,1580 ליטר בנזין
390,1498 ליטר בנזין
391,3604 ליטר בנזין
392,1490 ליטר בנזין
393,1999 ליטר בנזין
394,1798 ליטר בנזין
395,1499 ליטר בנזין
396,1248 ליטר בנזין
397,1560 ליטר דיזל
398,1498 ליטר בנזין
399,1496 ליטר בנזין
400,1399 ליטר בנזין
401,999 ליטר בנזין
402,1999 ליטר בנזין
403,1591 ליטר בנזין
404,1991 ליטר בנזין
405,1490 ליטר חשמל/בנזין
406,999 ליטר בנזין
407,2359 ליטר בנזין
408,1998 ליטר בנזין
409,1580 ליטר בנזין
410,999 ליטר בנזין
411,1987 ליטר בנזין
412,1598 ליטר בנזין
413,1798 ליטר בנזין
414,1332 ליטר בנזין
415,1998 ליטר בנזין
416,1598 ליטר בנזין
417,1199 ליטר בנזין
418,1998 ליטר בנזין
419,1364 ליטר בנזין
420,1498 ליטר בנזין
421,998 ליטר בנזין
422,1332 ליטר בנזין
423,1197 ליטר בנזין
424,1197 ליטר בנזין
425,1999 ליטר בנזין
426,1197 ליטר בנזין
427,1199 ליטר בנזין
428,1999 ליטר בנזין
429,1197 ליטר בנזין
430,1598 ליטר דיזל
431,1998 ליטר בנזין
432,1798 ליטר בנזין
433,1798 ליטר בנזין
434,1498 ליטר בנזין
435,1498 ליטר בנזין
436,1580 ליטר בנזין
437,2998 ליטר בנזין
438,1991 ליטר בנזין
439,1591 ליטר בנזין
440,1373 ליטר בנזין
441,1595 ליטר בנזין
442,1991 ליטר חשמל/בנזין
443,1598 ליטר בנזין
444,2359 ליטר בנזין
445,1997 ליטר בנזין
446,999 ליטר בנזין
447,1598 ליטר בנזין
448,1398 ליטר בנזין
449,1998 ליטר בנזין
450,1995 ליטר בנזין
451,1798 ליטר בנזין
452,1248 ליטר בנזין
453,1197 ליטר בנזין
454,1591 ליטר בנזין
455,1999 ליטר בנזין
456,1197 ליטר בנזין
457,1197 ליטר בנזין
458,1998 ליטר בנזין
459,1499 ליטר בנזין
460,1999 ליטר בנזין
461,1580 ליטר בנזין
462,1398 ליטר בנזין
463,1248 ליטר בנזין
464,1499 ליטר דיזל
465,999 ליטר בנזין
466,1798 ליטר בנזין
467,1999 ליטר בנזין
468,1499 ליטר דיזל
469,1197 ליטר בנזין
470,1580 ליטר בנזין
471,1496 ליטר בנזין
472,1998 ליטר בנזין
473,1798 ליטר בנזין
474,1498 ליטר בנזין
475,1987 ליטר בנזין
476,1798 ליטר בנזין
477,1999 ליטר בנזין
478,1991 ליטר בנזין
479,1197 ליטר בנזין
480,1598 ליטר בנזין
481,1999 ליטר בנזין
482,1499 ליטר דיזל
483,1341 ליטר בנזין
484,1598 ליטר בנזין
485,1248 ליטר בנזין
486,1498 ליטר בנזין
487,1998 ליטר בנזין
488,1591 ליטר בנזין
489,1332 ליטר בנזין
490,1984 ליטר בנזין
491,חשמלי
492,1998 ליטר בנזין
493,1798 ליטר בנזין
494,1591 ליטר בנזין
495,1798 ליטר בנזין
496,1580 ליטר בנזין
497,1560 ליטר דיזל
498,1248 ליטר בנזין
499,1798 ליטר בנזין
500,2925 ליטר דיזל
501,1364 ליטר בנזין
502,1390 ליטר בנזין
503,998 ליטר בנזין
504,1798 ליטר בנזין
505,1332 ליטר בנזין
506,998 ליטר בנזין
507,1998 ליטר בנזין
508,1197 ליטר בנזין
509,1995 ליטר בנזין
510,1498 ליטר בנזין
511,1580 ליטר בנזין
512,1199 ליטר בנזין
513,1580 ליטר בנזין
514,1498 ליטר בנזין
515,1598 ליטר בנזין
516,1499 ליטר דיזל
517,1998 ליטר בנזין
518,1198 ליטר בנזין
519,1498 ליטר בנזין
520,1591 ליטר בנזין
521,1332 ליטר בנזין
522,חשמלי
523,1999 ליטר בנזין
524,1193 ליטר בנזין
525,1598 ליטר בנזין
526,1499 ליטר בנזין
527,1499 ליטר דיזל
528,1248 ליטר בנזין
529,חשמלי
530,2998 ליטר חשמל/בנזין
531,1199 ליטר בנזין
532,1248 ליטר בנזין
533,1461 ליטר דיזל
534,1998 ליטר בנזין
535,1995 ליטר בנזין
536,2487 ליטר בנזין
537,1998 ליטר בנזין
538,1798 ליטר בנזין
539,1197 ליטר בנזין
540,1999 ליטר בנזין
541,1998 ליטר בנזין
542,1998 ליטר בנזין
543,1499 ליטר דיזל
544,1496 ליטר בנזין
545,1998 ליטר בנזין
546,2498 ליטר בנזין
547,1997 ליטר חשמל/בנזין
548,1199 ליטר בנזין
549,1199 ליטר בנזין
550,1998 ליטר בנזין
551,1999 ליטר בנזין
552,1499 ליטר בנזין
553,1984 ליטר בנזין
554,1461 ליטר דיזל
555,1997 ליטר בנזין
556,999 ליטר בנזין
557,1248 ליטר בנזין
558,1368 ליטר בנזין
559,1998 ליטר בנזין
560,1591 ליטר בנזין
561,1898 ליטר דיזל
562,1248 ליטר בנזין
563,1197 ליטר בנזין
564,2993 ליטר דיזל
565,1591 ליטר בנזין
566,998 ליטר בנזין
567,1999 ליטר בנזין
568,1498 ליטר בנזין
569,1498 ליטר בנזין
570,1598 ליטר בנזין
571,5950 ליטר בנזין
572,998 ליטר בנזין
573,1197 ליטר בנזין
574,1199 ליטר בנזין
575,1999 ליטר בנזין
576,1598 ליטר דיזל
577,1396 ליטר בנזין
578,1999 ליטר בנזין
579,1995 ליטר בנזין
580,1991 ליטר חשמל/בנזין
581,1591 ליטר בנזין
582,1364 ליטר בנזין
583,1332 ליטר בנזין
584,1997 ליטר דיזל
585,3000 ליטר בנזין
586,1591 ליטר בנזין
587,1796 ליטר בנזין
588,1598 ליטר דיזל
589,1995 ליטר בנזין
590,998 ליטר בנזין
591,1332 ליטר בנזין
592,1995 ליטר בנזין
593,1490 ליטר בנזין
594,1399 ליטר בנזין
595,1498 ליטר בנזין
596,1591 ליטר בנזין
597,1248 ליטר בנזין
598,1591 ליטר בנזין
599,1998 ליטר בנזין
600,1998 ליטר בנזין
601,1598 ליטר בנזין
602,1999 ליטר בנזין
603,1591 ליטר בנזין
604,1499 ליטר בנזין
605,1498 ליטר בנזין
606,1968 ליטר דיזל
607,1798 ליטר בנזין
608,1332 ליטר חשמל/בנזין
609,חשמלי
610,2982 ליטר דיזל
611,1353 ליטר בנזין
612,1598 ליטר בנזין
613,3604 ליטר בנזין
614,1398 ליטר בנזין
615,1498 ליטר בנזין
616,2488 ליטר בנזין
617,1998 ליטר בנזין
618,1399 ליטר בנזין
619,1498 ליטר בנזין
620,1197 ליטר בנזין
621,1197 ליטר בנזין
622,1498 ליטר בנזין
623,1197 ליטר בנזין
624,1248 ליטר בנזין
625,1999 ליטר בנזין
626,1998 ליטר בנזין
627,3564 ליטר בנזין
628,1798 ליטר בנזין
629,1798 ליטר בנזין
630,1580 ליטר בנזין
631,1798 ליטר חשמל/בנזין
632,1998 ליטר בנזין
633,1591 ליטר בנזין
634,1998 ליטר בנזין
635,1199 ליטר בנזין
636,1998 ליטר בנזין
637,1248 ליטר בנזין
638,1580 ליטר בנזין
639,1984 ליטר בנזין
640,2359 ליטר בנזין
641,1984 ליטר בנזין
642,1368 ליטר בנזין
643,1798 ליטר בנזין
644,1798 ליטר בנזין
645,1591 ליטר בנזין
646,1498 ליטר בנזין
647,1395 ליטר בנזין
648,1598 ליטר חשמל/בנזין
649,1591 ליטר בנזין
650,1197 ליטר בנזין
651,1580 ליטר בנזין
652,3497 ליטר בנזין
653,988 ליטר בנזין
654,2442 ליטר דיזל
655,1999 ליטר בנזין
656,1984 ליטר בנזין
657,1998 ליטר בנזין
658,1499 ליטר דיזל
659,1580 ליטר בנזין
660,1461 ליטר דיזל
661,1998 ליטר בנזין
662,1997 ליטר דיזל
663,999 ליטר בנזין
664,1798 ליטר בנזין
665,898 ליטר בנזין
666,1373 ליטר בנזין
667,2498 ליטר בנזין
668,1586 ליטר בנזין
669,1798 ליטר בנזין
670,1591 ליטר בנזין
671,1999 ליטר בנזין
672,999 ליטר בנזין
673,1197 ליטר בנזין
674,1242 ליטר בנזין
675,1199 ליטר בנזין
676,1798 ליטר בנזין
677,1749 ליטר דיזל
678,1998 ליטר בנזין
679,1395 ליטר בנזין
680,1580 ליטר בנזין
681,1998 ליטר בנזין
682,1560 ליטר דיזל
683,2360 ליטר בנזין
684,3604 ליטר בנזין
685,1798 ליטר בנזין
686,1197 ליטר בנזין
687,1496 ליטר בנזין
688,1368 ליטר בנזין
689,1591 ליטר בנזין
690,1598 ליטר בנזין
691,1248 ליטר בנזין
692,1999 ליטר בנזין
693,1242 ליטר בנזין
694,1499 ליטר דיזל
695,1984 ליטר בנזין
696,1998 ליטר בנזין
697,1987 ליטר בנזין
698,1332 ליטר בנזין
699,1560 ליטר דיזל
700,2967 ליטר דיזל
701,1580 ליטר בנזין
702,1197 ליטר בנזין
703,1399 ליטר בנזין
704,1199 ליטר בנזין
705,1999 ליטר בנזין
706,3564 ליטר בנזין
707,1248 ליטר בנזין
708,1999 ליטר בנזין
709,3604 ליטר בנזין
710,2488 ליטר בנזין
711,2268 ליטר דיזל
712,1998 ליטר בנזין
713,1984 ליטר בנזין
714,1332 ליטר בנזין
715,2488 ליטר בנזין
716,2755 ליטר דיזל
717,1998 ליטר בנזין
718,2488 ליטר בנזין
719,1998 ליטר בנזין
720,1749 ליטר דיזל
721,3649 ליטר בנזין
722,1591 ליטר בנזין
723,1598 ליטר דיזל
724,1499 ליטר דיזל
725,1398 ליטר בנזין
726,3564 ליטר בנזין
727,1332 ליטר בנזין
728,1499 ליטר דיזל
729,1496 ליטר בנזין
730,1798 ליטר בנזין
731,2987 ליטר דיזל
732,1998 ליטר בנזין
733,1498 ליטר בנזין
734,1198 ליטר בנזין
735,999 ליטר בנזין
736,1998 ליטר בנזין
737,1598 ליטר דיזל
738,999 ליטר בנזין
739,2498 ליטר בנזין
740,2488 ליטר בנזין
741,3564 ליטר בנזין
742,1586 ליטר בנזין
743,1995 ליטר בנזין
744,1999 ליטר בנזין
745,1197 ליטר בנזין
746,2231 ליטר דיזל
747,999 ליטר בנזין
748,1197 ליטר בנזין
749,1498 ליטר בנזין
750,1248 ליטר בנזין
751,1498 ליטר בנזין
752,1248 ליטר בנזין
753,2488 ליטר בנזין
754,1591 ליטר בנזין
755,1496 ליטר בנזין
756,1999 ליטר בנזין
757,1242 ליטר בנזין
758,1998 ליטר בנזין
759,3564 ליטר בנזין
760,1580 ליטר בנזין
761,1395 ליטר בנזין
762,1998 ליטר חשמל/בנזין
763,1591 ליטר בנזין
764,1580 ליטר בנזין
765,1498 ליטר בנזין
766,3778 ליטר בנזין
767,1999 ליטר בנזין
768,999 ליטר בנזין
769,999 ליטר בנזין
770,1248 ליטר בנזין
771,1798 ליטר בנזין
772,1395 ליטר בנזין
773,1987 ליטר בנזין
774,1999 ליטר בנזין
775,1496 ליטר בנזין
776,1998 ליטר בנזין
777,1499 ליטר דיזל
778,2987 ליטר דיזל
779,1498 ליטר בנזין
780,2499 ליטר דיזל
781,988 ליטר בנזין
782,1598 ליטר בנזין
783,1461 ליטר דיזל
784,1199 ליטר בנזין
785,1995 ליטר בנזין
786,1498 ליטר בנזין
787,1998 ליטר בנזין
788,998 ליטר בנזין
789,1998 ליטר בנזין
790,1600 ליטר בנזין
791,1496 ליטר בנזין
792,1197 ליטר בנזין
793,1997 ליטר בנזין
794,999 ליטר בנזין
795,1248 ליטר בנזין
796,1248 ליטר בנזין
797,898 ליטר בנזין
798,1586 ליטר בנזין
799,1580 ליטר בנזין
800,1798 ליטר בנזין
801,1197 ליטר בנזין
802,1998 ליטר בנזין
803,1461 ליטר דיזל
804,1798 ליטר בנזין
805,1591 ליטר בנזין
806,1798 ליטר בנזין
807,1248 ליטר בנזין
808,1395 ליטר בנזין
809,2487 ליטר בנזין
810,1984 ליטר בנזין
811,1248 ליטר בנזין
812,1999 ליטר בנזין
813,1197 ליטר בנזין
814,1498 ליטר בנזין
815,1498 ליטר בנזין
816,2359 ליטר בנזין
817,1995 ליטר בנזין
818,999 ליטר בנזין
819,1560 ליטר דיזל
820,1998 ליטר בנזין
821,1197 ליטר בנזין
822,1197 ליטר בנזין
823,1798 ליטר בנזין
824,1332 ליטר בנזין
825,988 ליטר בנזין
826,1998 ליטר בנזין
827,1999 ליטר בנזין
828,1999 ליטר בנזין
829,חשמלי
830,1341 ליטר בנזין
831,1798 ליטר בנזין
832,1999 ליטר בנזין
833,1560 ליטר דיזל
834,1998 ליטר חשמל/בנזין
835,1399 ליטר בנזין
836,1332 ליטר בנזין
837,1248 ליטר בנזין
838,1598 ליטר דיזל
839,6162 ליטר בנזין
840,1498 ליטר בנזין
841,1749 ליטר דיזל
842,1998 ליטר בנזין
843,1749 ליטר דיזל
844,1997 ליטר בנזין
845,2925 ליטר דיזל
846,2488 ליטר בנזין
847,1998 ליטר חשמל/בנזין
848,1197 ליטר בנזין
849,1498 ליטר בנזין
850,1591 ליטר בנזין
851,1598 ליטר בנזין
852,1198 ליטר בנזין
853,1591 ליטר בנזין
854,1498 ליטר בנזין
855,1496 ליטר בנזין
856,1461 ליטר דיזל
857,חשמלי
858,1395 ליטר חשמל/בנזין
859,1969 ליטר חשמל/בנזין
860,1580 ליטר בנזין
861,1586 ליטר בנזין
862,1798 ליטר בנזין
863,1998 ליטר בנזין
864,1248 ליטר בנזין
865,1560 ליטר דיזל
866,1598 ליטר בנזין
867,1999 ליטר בנזין
868,1399 ליטר בנזין
869,1499 ליטר בנזין
870,1586 ליטר בנזין
871,1199 ליטר בנזין
872,1248 ליטר בנזין
873,חשמלי
874,1999 ליטר בנזין
875,1368 ליטר בנזין
876,2442 ליטר דיזל
877,1591 ליטר בנזין
878,1798 ליטר בנזין
879,1499 ליטר בנזין
880,1999 ליטר בנזין
881,1999 ליטר בנזין
882,1197 ליטר בנזין
883,999 ליטר בנזין
884,1248 ליטר בנזין
885,1498 ליטר בנזין
886,1591 ליטר בנזין
887,1798 ליטר בנזין
888,898 ליטר בנזין
889,1388 ליטר בנזין
890,1995 ליטר בנזין
891,1580 ליטר חשמל/בנזין
892,1998 ליטר חשמל/בנזין
893,1248 ליטר בנזין
894,1598 ליטר בנזין
895,1998 ליטר בנזין
896,1362 ליטר בנזין
897,999 ליטר בנזין
898,1395 ליטר בנזין
899,1984 ליטר בנזין
900,1984 ליטר בנזין
901,1991 ליטר בנזין
902,1580 ליטר בנזין
903,2497 ליטר בנזין
904,1197 ליטר בנזין
905,1999 ליטר בנזין
906,1598 ליטר דיזל
907,1498 ליטר בנזין
908,1591 ליטר בנזין
909,1598 ליטר בנזין
910,1997 ליטר בנזין
911,1984 ליטר בנזין
912,1968 ליטר דיזל
913,1197 ליטר בנזין
914,1248 ליטר בנזין
915,1399 ליטר בנזין
916,1999 ליטר בנזין
917,1998 ליטר בנזין
918,1798 ליטר בנזין
919,1798 ליטר בנזין
920,1998 ליטר בנזין
921,1498 ליטר בנזין
922,1591 ליטר בנזין
923,1998 ליטר בנזין
924,1991 ליטר חשמל/בנזין
925,1498 ליטר בנזין
926,1984 ליטר בנזין
927,1969 ליטר בנזין
928,1396 ליטר בנזין
929,1999 ליטר בנזין
930,999 ליטר בנזין
931,1490 ליטר בנזין
932,1998 ליטר בנזין
933,1998 ליטר בנזין
934,1353 ליטר בנזין
935,1498 ליטר בנזין
936,1995 ליטר בנזין
937,1591 ליטר בנזין
938,3564 ליטר בנזין
939,1396 ליטר בנזין
940,1248 ליטר בנזין
941,1580 ליטר בנזין
942,996 ליטר בנזין
943,2993 ליטר דיזל
944,חשמלי
945,1399 ליטר בנזין
946,1595 ליטר בנזין
947,1242 ליטר בנזין
948,999 ליטר בנזין
949,1498 ליטר בנזין
950,1395 ליטר בנזין
951,1998 ליטר בנזין
952,1353 ליטר בנזין
953,999 ליטר בנזין
954,1248 ליטר בנזין
955,1999 ליטר בנזין
956,1248 ליטר בנזין
957,1197 ליטר בנזין
958,2476 ליטר דיזל
959,4395 ליטר בנזין
960,1598 ליטר דיזל
961,1499 ליטר דיזל
962,1984 ליטר בנזין
963,1580 ליטר בנזין
964,2987 ליטר דיזל
965,1197 ליטר בנזין
966,1798 ליטר בנזין
967,חשמלי
968,1796 ליטר בנזין
969,1341 ליטר בנזין
970,1998 ליטר בנזין
971,1998 ליטר בנזין
972,1499 ליטר דיזל
973,חשמלי
974,1199 ליטר בנזין
975,1198 ליטר בנזין
976,1461 ליטר דיזל
977,1341 ליטר בנזין
978,1197 ליטר בנזין
979,999 ליטר בנזין
980,1898 ליטר דיזל
981,1997 ליטר בנזין
982,1999 ליטר בנזין
983,1248 ליטר בנזין
984,1991 ליטר חשמל/בנזין
985,1580 ליטר בנזין
986,1600 ליטר בנזין
987,1598 ליטר בנזין
988,1984 ליטר בנזין
989,חשמלי
990,1898 ליטר דיזל
991,1798 ליטר בנזין
992,1999 ליטר בנזין
993,1193 ליטר בנזין
994,1999 ליטר בנזין
995,1798 ליטר בנזין
996,1198 ליטר בנזין
997,998 ליטר בנזין
998,1600 ליטר בנזין
999,1999 ליטר בנזין
1000,998 ליטר בנזין
1001,1598 ליטר בנזין
1002,1798 ליטר בנזין
1003,1591 ליטר בנזין
1004,1461 ליטר דיזל
1005,1198 ליטר בנזין
1006,1591 ליטר בנזין
1007,1580 ליטר בנזין
1008,1994 ליטר בנזין
1009,2996 ליטר בנזין
1010,1368 ליטר בנזין
1011,1332 ליטר בנזין
1012,1499 ליטר דיזל
1013,1368 ליטר בנזין
1014,1197 ליטר בנזין
1015,1968 ליטר דיזל
1016,1248 ליטר בנזין
1017,2488 ליטר בנזין
1018,חשמלי
1019,999 ליטר בנזין
1020,1498 ליטר בנזין
1021,1498 ליטר בנזין
1022,1998 ליטר בנזין
1023,1984 ליטר בנזין
1024,1399 ליטר בנזין
1025,1395 ליטר בנזין
1026,1591 ליטר בנזין
1027,1498 ליטר בנזין
1028,999 ליטר בנזין
1029,1998 ליטר בנזין
1030,1591 ליטר בנזין
1031,1498 ליטר בנזין
1032,998 ליטר בנזין
1033,1498 ליטר בנזין
1034,1580 ליטר בנזין
1035,1498 ליטר בנזין
1036,1598 ליטר דיזל
1037,1999 ליטר בנזין
1038,1995 ליטר דיזל
1039,998 ליטר בנזין
1040,1969 ליטר בנזין
1041,1498 ליטר בנזין
1042,1197 ליטר בנזין
1043,1998 ליטר בנזין
1044,999 ליטר בנזין
1045,1591 ליטר בנזין
1046,1998 ליטר בנזין
1047,1998 ליטר בנזין
1048,1332 ליטר חשמל/בנזין
1049,1580 ליטר בנזין
1050,1248 ליטר בנזין
1051,1598 ליטר בנזין
1052,1591 ליטר בנזין
1053,1498 ליטר בנזין
1054,1398 ליטר בנזין
1055,1497 ליטר בנזין
1056,998 ליטר בנזין
1057,1999 ליטר בנזין
1058,2755 ליטר דיזל
1059,1598 ליטר בנזין
1060,1461 ליטר דיזל
1061,999 ליטר בנזין
1062,1199 ליטר בנזין
1063,1998 ליטר בנזין
1064,1499 ליטר דיזל
1065,1560 ליטר דיזל
1066,2987 ליטר דיזל
1067,2488 ליטר בנזין
1068,1998 ליטר בנזין
1069,1498 ליטר בנזין
1070,1580 ליטר בנזין
1071,1498 ליטר בנזין
1072,1332 ליטר בנזין
1073,1248 ליטר בנזין
1074,1591 ליטר בנזין
1075,2494 ליטר בנזין
1076,1984 ליטר בנזין
1077,1999 ליטר בנזין
1078,2993 ליטר דיזל
1079,1498 ליטר בנזין
1080,1580 ליטר בנזין
1081,1591 ליטר בנזין
1082,1396 ליטר בנזין
1083,1395 ליטר בנזין
1084,1461 ליטר דיזל
1085,1591 ליטר בנזין
1086,1399 ליטר בנזין
1087,1248 ליטר בנזין
1088,1999 ליטר בנזין
1089,1199 ליטר בנזין
1090,1998 ליטר בנזין
1091,2487 ליטר בנזין
1092,1199 ליטר בנזין
1093,3828 ליטר בנזין
1094,1598 ליטר בנזין
1095,1560 ליטר דיזל
1096,1598 ליטר בנזין
1097,1461 ליטר דיזל
1098,2487 ליטר בנזין
1099,1248 ליטר בנזין
1100,1798 ליטר בנזין
1101,1499 ליטר בנזין
1102,1998 ליטר בנזין
1103,1248 ליטר בנזין
1104,1499 ליטר דיזל
1105,1799 ליטר בנזין
1106,1498 ליטר בנזין
1107,1580 ליטר בנזין
1108,2993 ליטר דיזל
1109,2999 ליטר בנזין
1110,1498 ליטר בנזין
1111,חשמלי
1112,1399 ליטר בנזין
1113,1598 ליטר בנזין
1114,1461 ליטר דיזל
1115,1999 ליטר בנזין
1116,1499 ליטר דיזל
1117,1597 ליטר בנזין
1118,1461 ליטר דיזל
1119,1998 ליטר בנזין
1120,1998 ליטר בנזין
1121,1798 ליטר בנזין
1122,1798 ליטר בנזין
1123,1329 ליטר בנזין
1124,1242 ליטר בנזין
1125,1364 ליטר בנזין
1126,999 ליטר בנזין
1127,1341 ליטר בנזין
1128,1197 ליטר בנזין
1129,1580 ליטר בנזין
1130,1399 ליטר בנזין
1131,1591 ליטר בנזין
1132,999 ליטר בנזין
1133,1399 ליטר בנזין
1134,1998 ליטר בנזין
1135,1364 ליטר בנזין
1136,1591 ליטר בנזין
1137,1998 ליטר בנזין
1138,1332 ליטר בנזין
1139,1362 ליטר בנזין
1140,1490 ליטר בנזין
1141,1598 ליטר בנזין
1142,1598 ליטר דיזל
1143,1396 ליטר בנזין
1144,1998 ליטר בנזין
1145,1496 ליטר בנזין
1146,1984 ליטר בנזין
1147,1332 ליטר בנזין
1148,1999 ליטר בנזין
1149,1499 ליטר דיזל
1150,1399 ליטר בנזין
1151,1598 ליטר בנזין
1152,1998 ליטר בנזין
1153,1197 ליטר בנזין
1154,1580 ליטר בנזין
1155,2925 ליטר דיזל
1156,1497 ליטר בנזין
1157,3497 ליטר בנזין
1158,1999 ליטר בנזין
1159,2360 ליטר חשמל/בנזין
1160,1998 ליטר בנזין
1161,1598 ליטר בנזין
1162,1395 ליטר בנזין
1163,2498 ליטר בנזין
1164,1999 ליטר בנזין
1165,1749 ליטר דיזל
1166,1461 ליטר דיזל
1167,999 ליטר בנזין
1168,1399 ליטר בנזין
1169,1798 ליטר בנזין
1170,1580 ליטר בנזין
1171,1248 ליטר בנזין
1172,1496 ליטר בנזין
1173,2967 ליטר חשמל/דיזל
1174,1197 ליטר בנזין
1175,1991 ליטר חשמל/בנזין
1176,1318 ליטר בנזין
1177,1998 ליטר בנזין
1178,1586 ליטר בנזין
1179,1499 ליטר דיזל
1180,1580 ליטר בנזין
1181,1199 ליטר בנזין
1182,998 ליטר בנזין
1183,1496 ליטר בנזין
1184,2996 ליטר חשמל/בנזין
1185,1985 ליטר בנזין
1186,1199 ליטר בנזין
1187,1332 ליטר בנזין
1188,1591 ליטר בנזין
1189,חשמלי
1190,1197 ליטר בנזין
1191,1341 ליטר בנזין
1192,1499 ליטר בנזין
1193,1396 ליטר בנזין
1194,1591 ליטר בנזין
1195,1499 ליטר דיזל
1196,2499 ליטר דיזל
1197,1373 ליטר בנזין
1198,1968 ליטר דיזל
1199,1498 ליטר בנזין
1200,998 ליטר בנזין
1201,1598 ליטר בנזין
1202,1341 ליטר בנזין
1203,1998 ליטר בנזין
1204,1598 ליטר בנזין
1205,1499 ליטר דיזל
1206,1368 ליטר בנזין
1207,1399 ליטר בנזין
1208,1580 ליטר בנזין
1209,1591 ליטר בנזין
1210,1580 ליטר בנזין
1211,1396 ליטר בנזין
1212,1998 ליטר חשמל/בנזין
1213,1499 ליטר בנזין
1214,1997 ליטר בנזין
1215,1999 ליטר בנזין
1216,1591 ליטר בנזין
1217,1598 ליטר בנזין
1218,חשמלי
1219,1193 ליטר בנזין
1220,1498 ליטר בנזין
1221,898 ליטר בנזין
1222,1395 ליטר בנזין
1223,1798 ליטר בנזין
1224,1991 ליטר חשמל/בנזין
1225,1197 ליטר בנזין
1226,1498 ליטר בנזין
1227,1499 ליטר בנזין
1228,1600 ליטר בנזין
1229,1591 ליטר בנזין
1230,1798 ליטר בנזין
1231,1395 ליטר בנזין
1232,1999 ליטר בנזין
1233,1399 ליטר בנזין
1234,999 ליטר בנזין
1235,1586 ליטר בנזין
1236,1591 ליטר בנזין
1237,1496 ליטר בנזין
1238,1580 ליטר בנזין
1239,1998 ליטר בנזין
1240,1998 ליטר בנזין
1241,1598 ליטר בנזין
1242,1490 ליטר בנזין
1243,1399 ליטר בנזין
1244,999 ליטר בנזין
1245,1798 ליטר בנזין
1246,חשמלי
1247,2982 ליטר דיזל
1248,חשמלי
1249,3564 ליטר בנזין
1250,999 ליטר בנזין
1251,1999 ליטר בנזין
1252,1598 ליטר בנזין
1253,1199 ליטר בנזין
1254,1998 ליטר בנזין
1255,999 ליטר בנזין
1256,1598 ליטר דיזל
1257,2487 ליטר בנזין
1258,1580 ליטר בנזין
1259,1395 ליטר בנזין
1260,1580 ליטר בנזין
1261,1598 ליטר בנזין
1262,1998 ליטר בנזין
1263,2987 ליטר דיזל
1264,1998 ליטר בנזין
1265,חשמלי
1266,1999 ליטר בנזין
1267,2268 ליטר דיזל
1268,1197 ליטר בנזין
1269,1798 ליטר בנזין
1270,2157 ליטר דיזל
1271,1248 ליטר בנזין
1272,1248 ליטר בנזין
1273,1332 ליטר בנזין
1274,1498 ליטר בנזין
1275,1395 ליטר בנזין
1276,1591 ליטר בנזין
1277,1999 ליטר בנזין
1278,1798 ליטר בנזין
1279,2487 ליטר בנזין
1280,875 ליטר בנזין
1281,2487 ליטר בנזין
1282,1999 ליטר בנזין
1283,חשמלי
1284,1197 ליטר בנזין
1285,1598 ליטר בנזין
1286,1591 ליטר בנזין
1287,1798 ליטר בנזין
1288,1560 ליטר דיזל
1289,1498 ליטר בנזין
1290,1198 ליטר בנזין
1291,1199 ליטר בנזין
1292,1999 ליטר דיזל
1293,1598 ליטר בנזין
1294,1591 ליטר בנזין
1295,1968 ליטר דיזל
1296,1998 ליטר בנזין
1297,1399 ליטר בנזין
1298,2996 ליטר חשמל/בנזין
1299,1998 ליטר בנזין
1300,1498 ליטר בנזין
1301,1499 ליטר דיזל
1302,1995 ליטר בנזין
1303,2999 ליטר דיזל
1304,2487 ליטר בנזין
1305,1999 ליטר בנזין
1306,1898 ליטר דיזל
1307,1998 ליטר בנזין
1308,1461 ליטר דיזל
1309,1998 ליטר בנזין
1310,1461 ליטר דיזל
1311,1591 ליטר בנזין
1312,1395 ליטר בנזין
1313,1395 ליטר בנזין
1314,1998 ליטר בנזין
1315,1968 ליטר דיזל
1316,1373 ליטר בנזין
1317,1998 ליטר בנזין
1318,1998 ליטר בנזין
1319,1997 ליטר בנזין
1320,1248 ליטר בנזין
1321,1798 ליטר בנזין
1322,1499 ליטר חשמל/בנזין
1323,998 ליטר בנזין
1324,1362 ליטר בנזין
1325,1373 ליטר בנזין
1326,1395 ליטר בנזין
1327,1498 ליטר בנזין
1328,1329 ליטר בנזין
1329,1598 ליטר בנזין
1330,1798 ליטר בנזין
1331,1998 ליטר בנזין
1332,1248 ליטר בנזין
1333,6162 ליטר בנזין
1334,1969 ליטר בנזין
1335,1395 ליטר בנזין
1336,1598 ליטר בנזין
1337,1248 ליטר בנזין
1338,1798 ליטר בנזין
1339,1580 ליטר חשמל/בנזין
1340,1999 ליטר בנזין
1341,1798 ליטר בנזין
1342,2488 ליטר בנזין
1343,1798 ליטר בנזין
1344,2925 ליטר דיזל
1345,1498 ליטר בנזין
1346,1248 ליטר בנזין
1347,1999 ליטר בנזין
1348,1580 ליטר בנזין
1349,1591 ליטר בנזין
1350,1798 ליטר בנזין
1351,1362 ליטר בנזין
1352,1242 ליטר בנזין
1353,חשמלי
1354,1998 ליטר בנזין
1355,1598 ליטר בנזין
1356,1998 ליטר בנזין
1357,1462 ליטר בנזין
1358,1598 ליטר בנזין
1359,1461 ליטר דיזל
1360,1998 ליטר בנזין
1361,1598 ליטר בנזין
1362,1591 ליטר בנזין
1363,1998 ליטר בנזין
1364,1499 ליטר בנזין
1365,1498 ליטר בנזין
1366,1199 ליטר בנזין
1367,1595 ליטר בנזין
1368,חשמלי
1369,1998 ליטר בנזין
1370,1373 ליטר בנזין
1371,1998 ליטר בנזין
1372,1332 ליטר בנזין
1373,1580 ליטר חשמל/בנזין
1374,1998 ליטר בנזין
1375,1396 ליטר בנזין
1376,2925 ליטר דיזל
1377,חשמלי
1378,1798 ליטר בנזין
1379,1332 ליטר בנזין
1380,1798 ליטר בנזין
1381,1998 ליטר בנזין
1382,1598 ליטר דיזל
1383,1999 ליטר בנזין
1384,3497 ליטר בנזין
1385,1798 ליטר בנזין
1386,1498 ליטר בנזין
1387,1499 ליטר דיזל
1388,2755 ליטר דיזל
1389,998 ליטר בנזין
1390,1332 ליטר בנזין
1391,998 ליטר בנזין
1392,1395 ליטר בנזין
1393,1499 ליטר דיזל
1394,חשמלי
1395,1798 ליטר בנזין
1396,1395 ליטר בנזין
1397,חשמלי
1398,1580 ליטר בנזין
1399,1580 ליטר בנזין
1400,1499 ליטר בנזין
1401,2498 ליטר בנזין
1402,1991 ליטר בנזין
1403,2359 ליטר בנזין
1404,998 ליטר בנזין
1405,1586 ליטר בנזין
1406,1998 ליטר בנזין
1407,1591 ליטר בנזין
1408,1798 ליטר בנזין
1409,1991 ליטר בנזין
1410,1248 ליטר בנזין
1411,1991 ליטר דיזל
1412,1998 ליטר בנזין
1413,1197 ליטר בנזין
1414,1968 ליטר דיזל
1415,1498 ליטר בנזין
1416,1498 ליטר בנזין
1417,1248 ליטר בנזין
1418,1328 ליטר בנזין
1419,1248 ליטר בנזין
1420,1353 ליטר בנזין
1421,1197 ליטר בנזין
1422,1248 ליטר בנזין
1423,2499 ליטר דיזל
1424,1998 ליטר בנזין
1425,1998 ליטר חשמל/בנזין
1426,1248 ליטר בנזין
1427,999 ליטר בנזין
1428,1580 ליטר בנזין
1429,1560 ליטר דיזל
1430,1598 ליטר בנזין
1431,1998 ליטר חשמל/בנזין
1432,999 ליטר בנזין
1433,1368 ליטר בנזין
1434,1591 ליטר בנזין
1435,999 ליטר בנזין
1436,חשמלי
1437,1248 ליטר דיזל
1438,1598 ליטר בנזין
1439,1461 ליטר דיזל
1440,1968 ליטר דיזל
1441,1799 ליטר בנזין
1442,1789 ליטר בנזין
1443,1498 ליטר בנזין
1444,1998 ליטר בנזין
1445,1591 ליטר בנזין
1446,1197 ליטר בנזין
1447,1197 ליטר בנזין
1448,1395 ליטר בנזין
1449,1999 ליטר בנזין
1450,1499 ליטר בנזין
1451,1248 ליטר בנזין
1452,1591 ליטר בנזין
1453,1968 ליטר דיזל
1454,1498 ליטר בנזין
1455,1598 ליטר בנזין
1456,2384 ליטר בנזין
1457,1498 ליטר בנזין
1458,1395 ליטר בנזין
1459,1798 ליטר בנזין
1460,1399 ליטר בנזין
1461,1598 ליטר בנזין
1462,998 ליטר בנזין
1463,1600 ליטר בנזין
1464,1499 ליטר דיזל
1465,1591 ליטר בנזין
1466,1499 ליטר דיזל
1467,1498 ליטר בנזין
1468,1582 ליטר דיזל
1469,1395 ליטר חשמל/בנזין
1470,1995 ליטר בנזין
1471,1499 ליטר דיזל
1472,1248 ליטר בנזין
1473,1199 ליטר בנזין
1474,1197 ליטר בנזין
1475,1580 ליטר בנזין
1476,898 ליטר בנזין
1477,1499 ליטר בנזין
1478,3604 ליטר בנזין
1479,1997 ליטר דיזל
1480,1395 ליטר בנזין
1481,1999 ליטר בנזין
1482,1498 ליטר בנזין
1483,1998 ליטר בנזין
1484,1998 ליטר חשמל/בנזין
1485,1248 ליטר בנזין
1486,2755 ליטר דיזל
1487,חשמלי
1488,1998 ליטר בנזין
1489,1499 ליטר בנזין
1490,1332 ליטר בנזין
1491,1390 ליטר בנזין
1492,1580 ליטר בנזין
1493,999 ליטר בנזין
1494,1997 ליטר בנזין
1495,1332 ליטר בנזין
1496,1998 ליטר בנזין
1497,1999 ליטר בנזין
1498,1598 ליטר בנזין
1499,1798 ליטר בנזין
1500,1462 ליטר בנזין
1501,1999 ליטר בנזין
1502,חשמלי
1503,1998 ליטר בנזין
1504,1362 ליטר בנזין
1505,1591 ליטר בנזין
1506,1984 ליטר בנזין
1507,1197 ליטר בנזין
1508,חשמלי
1509,1968 ליטר דיזל
1510,1998 ליטר בנזין
1511,1995 ליטר בנזין
1512,1995 ליטר בנזין
1513,חשמלי
1514,1999 ליטר בנזין
1515,1498 ליטר בנזין
1516,1998 ליטר בנזין
1517,1999 ליטר בנזין
1518,996 ליטר בנזין
1519,1998 ליטר בנזין
1520,1560 ליטר דיזל
1521,2967 ליטר חשמל/דיזל
1522,1598 ליטר בנזין
1523,1498 ליטר בנזין
1524,1332 ליטר בנזין
1525,1591 ליטר בנזין
1526,999 ליטר בנזין
1527,3604 ליטר בנזין
1528,1998 ליטר בנזין
1529,1999 ליטר בנזין
1530,1999 ליטר בנזין
1531,1362 ליטר בנזין
1532,998 ליטר בנזין
1533,1991 ליטר חשמל/בנזין
1534,999 ליטר בנזין
1535,1318 ליטר בנזין
1536,1332 ליטר בנזין
1537,1461 ליטר דיזל
1538,2925 ליטר דיזל
1539,1242 ליטר בנזין
1540,1197 ליטר בנזין
1541,1598 ליטר בנזין
1542,1490 ליטר בנזין
1543,1987 ליטר בנזין
1544,1498 ליטר בנזין
1545,1999 ליטר בנזין
1546,1199 ליטר בנזין
1547,1998 ליטר בנזין
1548,1999 ליטר בנזין
1549,1999 ליטר בנזין
1550,1991 ליטר בנזין
1551,1998 ליטר בנזין
1552,1199 ליטר בנזין
1553,2953 ליטר בנזין
1554,1497 ליטר בנזין
1555,3564 ליטר בנזין
1556,999 ליטר בנזין
1557,998 ליטר בנזין
1558,1591 ליטר בנזין
1559,1999 ליטר בנזין
1560,999 ליטר בנזין
1561,1598 ליטר בנזין
1562,1591 ליטר בנזין
1563,1798 ליטר בנזין
1564,1999 ליטר בנזין
1565,1995 ליטר דיזל
1566,1587 ליטר בנזין
1567,1999 ליטר בנזין
1568,1999 ליטר בנזין
1569,2488 ליטר בנזין
1570,1395 ליטר בנזין
1571,1998 ליטר בנזין
1572,1998 ליטר בנזין
1573,1591 ליטר בנזין
1574,1991 ליטר חשמל/בנזין
1575,1598 ליטר בנזין
1576,1496 ליטר בנזין
1577,1998 ליטר בנזין
1578,1499 ליטר דיזל
1579,1998 ליטר בנזין
1580,1332 ליטר בנזין
1581,999 ליטר בנזין
1582,1197 ליטר בנזין
1583,1591 ליטר בנזין
1584,1364 ליטר בנזין
1585,חשמלי
1586,1490 ליטר בנזין
1587,1598 ליטר בנזין
1588,6424 ליטר בנזין
1589,1999 ליטר בנזין
1590,1197 ליטר בנזין
1591,1580 ליטר בנזין
1592,1798 ליטר בנזין
1593,1969 ליטר בנזין
1594,1399 ליטר בנזין
1595,1499 ליטר בנזין
1596,998 ליטר בנזין
1597,1998 ליטר בנזין
1598,1997 ליטר בנזין
1599,1998 ליטר בנזין
1600,1197 ליטר בנזין
1601,1984 ליטר בנזין
1602,2442 ליטר דיזל
1603,1998 ליטר בנזין
1604,1199 ליטר בנזין
1605,1395 ליטר בנזין
1606,1149 ליטר בנזין
1607,1591 ליטר בנזין
1608,898 ליטר בנזין
1609,1490 ליטר בנזין
1610,1798 ליטר בנזין
1611,1248 ליטר בנזין
1612,1498 ליטר בנזין
1613,1490 ליטר בנזין
1614,1984 ליטר בנזין
1615,999 ליטר בנזין
1616,חשמלי
1617,1498 ליטר בנזין
1618,1984 ליטר בנזין
1619,998 ליטר בנזין
1620,1395 ליטר בנזין
1621,1498 ליטר בנזין
1622,1248 ליטר בנזין
1623,1999 ליטר בנזין
1624,1193 ליטר בנזין
1625,1998 ליטר בנזין
1626,1498 ליטר בנזין
1627,1498 ליטר בנזין
1628,1598 ליטר בנזין
1629,1798 ליטר בנזין
1630,999 ליטר בנזין
1631,1580 ליטר בנזין
1632,1498 ליטר בנזין
1633,1353 ליטר בנזין
1634,1248 ליטר בנזין
1635,3649 ליטר בנזין
1636,חשמלי
1637,1197 ליטר בנזין
1638,1197 ליטר בנזין
1639,1596 ליטר בנזין
1640,1499 ליטר דיזל
1641,1368 ליטר בנזין
1642,1248 ליטר בנזין
1643,1199 ליטר בנזין
1644,999 ליטר בנזין
1645,1969 ליטר בנזין
1646,1496 ליטר בנזין
1647,1999 ליטר בנזין
1648,1598 ליטר בנזין
1649,1199 ליטר בנזין
1650,1798 ליטר בנזין
1651,998 ליטר בנזין
1652,2499 ליטר דיזל
1653,1598 ליטר דיזל
1654,6424 ליטר בנזין
1655,1193 ליטר בנזין
1656,1991 ליטר בנזין
1657,1332 ליטר בנזין
1658,1591 ליטר בנזין
1659,1998 ליטר חשמל/בנזין
1660,1199 ליטר בנזין
1661,1798 ליטר בנזין
1662,1984 ליטר בנזין
1663,1998 ליטר בנזין
1664,1364 ליטר בנזין
1665,1999 ליטר בנזין
1666,2378 ליטר בנזין
1667,1998 ליטר בנזין
1668,1998 ליטר בנזין
1669,1999 ליטר בנזין
1670,1598 ליטר בנזין
1671,1591 ליטר בנזין
1672,1995 ליטר בנזין
1673,1368 ליטר בנזין
1674,1997 ליטר דיזל
1675,1248 ליטר בנזין
1676,חשמלי
1677,1991 ליטר בנזין
1678,1998 ליטר חשמל/בנזין
1679,1591 ליטר בנזין
1680,2488 ליטר בנזין
1681,1995 ליטר בנזין
1682,1596 ליטר בנזין
1683,1248 ליטר בנזין
1684,1998 ליטר בנזין
1685,1998 ליטר בנזין
1686,1984 ליטר בנזין
1687,1496 ליטר בנזין
1688,1997 ליטר דיזל
1689,1999 ליטר בנזין
1690,1998 ליטר בנזין
1691,1490 ליטר בנזין
1692,1199 ליטר בנזין
1693,1600 ליטר בנזין
1694,1999 ליטר בנזין
1695,1197 ליטר בנזין
1696,1248 ליטר בנזין
1697,1999 ליטר בנזין
1698,1341 ליטר בנזין
1699,1399 ליטר בנזין
1700,1798 ליטר בנזין
1701,2488 ליטר בנזין
1702,1590 ליטר בנזין
1703,1999 ליטר בנזין
1704,1197 ליטר בנזין
1705,1499 ליטר דיזל
1706,1580 ליטר בנזין
1707,1586 ליטר בנזין
1708,1995 ליטר דיזל
1709,1998 ליטר בנזין
1710,1498 ליטר בנזין
1711,1197 ליטר בנזין
1712,1560 ליטר דיזל
1713,1998 ליטר בנזין
1714,1399 ליטר בנזין
1715,2755 ליטר דיזל
1716,1197 ליטר בנזין
1717,1197 ליטר בנזין
1718,3200 ליטר דיזל
1719,1998 ליטר בנזין
1720,1498 ליטר בנזין
1721,1395 ליטר בנזין
1722,1248 ליטר בנזין
1723,1798 ליטר בנזין
1724,1580 ליטר בנזין
1725,2261 ליטר בנזין
1726,1591 ליטר בנזין
1727,1998 ליטר בנזין
1728,1197 ליטר בנזין
1729,1461 ליטר דיזל
1730,1477 ליטר חשמל/בנזין
1731,1498 ליטר בנזין
1732,2755 ליטר דיזל
1733,1496 ליטר בנזין
1734,1987 ליטר בנזין
1735,1399 ליטר בנזין
1736,1591 ליטר בנזין
1737,1998 ליטר חשמל/בנזין
1738,1999 ליטר בנזין
1739,1193 ליטר בנזין
1740,2993 ליטר בנזין
1741,חשמלי
1742,1999 ליטר בנזין
1743,1598 ליטר בנזין
1744,1199 ליטר בנזין
1745,998 ליטר בנזין
1746,1580 ליטר בנזין
1747,1248 ליטר בנזין
1748,1798 ליטר בנזין
1749,1368 ליטר בנזין
1750,1999 ליטר בנזין
1751,1490 ליטר בנזין
1752,2157 ליטר דיזל
1753,3604 ליטר בנזין
1754,1598 ליטר בנזין
1755,1560 ליטר דיזל
1756,2498 ליטר בנזין
1757,1798 ליטר בנזין
1758,1984 ליטר בנזין
1759,1998 ליטר בנזין
1760,1497 ליטר בנזין
1761,998 ליטר בנזין
1762,2487 ליטר חשמל/בנזין
1763,1248 ליטר דיזל
1764,1999 ליטר בנזין
1765,1591 ליטר בנזין
1766,1395 ליטר בנזין
1767,1477 ליטר בנזין
1768,1496 ליטר בנזין
1769,1999 ליטר בנזין
1770,1598 ליטר בנזין
1771,998 ליטר בנזין
1772,1598 ליטר דיזל
1773,1998 ליטר בנזין
1774,1560 ליטר דיזל
1775,1461 ליטר דיזל
1776,1580 ליטר בנזין
1777,1580 ליטר בנזין
1778,2199 ליטר דיזל
1779,1596 ליטר בנזין
1780,1999 ליטר בנזין
1781,1499 ליטר דיזל
1782,1999 ליטר דיזל
1783,1598 ליטר בנזין
1784,1193 ליטר בנזין
1785,חשמלי
1786,1199 ליטר בנזין
1787,1995 ליטר בנזין
1788,998 ליטר בנזין
1789,1598 ליטר בנזין
1790,1197 ליטר בנזין
1791,1341 ליטר בנזין
1792,1998 ליטר בנזין
1793,1999 ליטר בנזין
1794,1498 ליטר בנזין
1795,1999 ליטר בנזין
1796,1998 ליטר בנזין
1797,1798 ליטר בנזין
1798,1197 ליטר בנזין
1799,2995 ליטר בנזין
1800,1499 ליטר דיזל
1801,3497 ליטר בנזין
1802,1193 ליטר בנזין
1803,1591 ליטר בנזין
1804,1395 ליטר בנזין
1805,1999 ליטר בנזין
1806,1461 ליטר דיזל
1807,1395 ליטר בנזין
1808,2494 ליטר בנזין
1809,2967 ליטר דיזל
1810,3604 ליטר בנזין
1811,1193 ליטר בנזין
1812,1591 ליטר בנזין
1813,1580 ליטר בנזין
1814,1798 ליטר בנזין
1815,1368 ליטר בנזין
1816,1248 ליטר בנזין
1817,1984 ליטר בנזין
1818,1580 ליטר בנזין
1819,2487 ליטר בנזין
1820,1499 ליטר בנזין
1821,3604 ליטר בנזין
1822,1969 ליטר בנזין
1823,1998 ליטר בנזין
1824,1248 ליטר בנזין
1825,1395 ליטר בנזין
1826,1395 ליטר בנזין
1827,1591 ליטר בנזין
1828,1580 ליטר בנזין
1829,1798 ליטר בנזין
1830,1499 ליטר בנזין
1831,1798 ליטר בנזין
1832,1248 ליטר בנזין
1833,1197 ליטר בנזין
1834,2755 ליטר דיזל
1835,1461 ליטר דיזל
1836,1364 ליטר בנזין
1837,2993 ליטר דיזל
1838,1197 ליטר בנזין
1839,1999 ליטר בנזין
1840,חשמלי
1841,1598 ליטר בנזין
1842,1999 ליטר בנזין
1843,3982 ליטר בנזין
1844,חשמלי
1845,6162 ליטר בנזין
1846,1332 ליטר בנזין
1847,1591 ליטר בנזין
1848,1598 ליטר בנזין
1849,1396 ליטר בנזין
1850,1499 ליטר בנזין
1851,999 ליטר בנזין
1852,1999 ליטר בנזין
1853,1991 ליטר בנזין
1854,1998 ליטר בנזין
1855,1197 ליטר בנזין
1856,1461 ליטר דיזל
1857,1798 ליטר בנזין
1858,1999 ליטר בנזין
1859,1353 ליטר בנזין
1860,3239 ליטר בנזין
1861,1199 ליטר בנזין
1862,1498 ליטר בנזין
1863,1490 ליטר בנזין
1864,2982 ליטר דיזל
1865,1339 ליטר בנזין
1866,1396 ליטר בנזין
1867,1586 ליטר בנזין
1868,1591 ליטר בנזין
1869,1580 ליטר בנזין
1870,1591 ליטר בנזין
1871,1498 ליטר בנזין
1872,1598 ליטר דיזל
1873,1199 ליטר בנזין
1874,1318 ליטר בנזין
1875,1600 ליטר בנזין
1876,3564 ליטר בנזין
1877,1591 ליטר בנזין
1878,1998 ליטר בנזין
1879,1998 ליטר בנזין
1880,1580 ליטר בנזין
1881,1598 ליטר בנזין
1882,1591 ליטר בנזין
1883,2998 ליטר חשמל/בנזין
1884,2199 ליטר דיזל
1885,1598 ליטר דיזל
1886,1984 ליטר בנזין
1887,1595 ליטר בנזין
1888,1998 ליטר בנזין
1889,1999 ליטר בנזין
1890,1332 ליטר בנזין
1891,1580 ליטר חשמל/בנזין
1892,998 ליטר בנזין
1893,1598 ליטר בנזין
1894,1591 ליטר בנזין
1895,1373 ליטר בנזין
1896,2261 ליטר בנזין
1897,1995 ליטר בנזין
