,origin_own
0,ליסינג
1,אחר
2,פרטית
3,פרטית
4,ליסינג
5,ליסינג
6,ליסינג
7,פרטית
8,פרטית
9,ליסינג
10,פרטית
11,ליסינג
12,פרטית
13,ליסינג
14,פרטית
15,פרטית
16,פרטית
17,פרטית
18,ליסינג
19,השכרה
20,פרטית
21,פרטית
22,פרטית
23,אחר
24,פרטית
25,פרטית
26,פרטית
27,ליסינג
28,פרטית
29,פרטית
30,פרטית
31,פרטית
32,פרטית
33,פרטית
34,פרטית
35,פרטית
36,פרטית
37,ליסינג
38,פרטית
39,פרטית
40,ליסינג
41,ליסינג
42,פרטית
43,פרטית
44,פרטית
45,ליסינג
46,פרטית
47,פרטית
48,ליסינג
49,פרטית
50,השכרה
51,פרטית
52,פרטית
53,פרטית
54,פרטית
55,פרטית
56,פרטית
57,פרטית
58,פרטית
59,ליסינג
60,ליסינג
61,פרטית
62,השכרה
63,פרטית
64,פרטית
65,ליסינג
66,פרטית
67,פרטית
68,פרטית
69,ליסינג
70,פרטית
71,פרטית
72,פרטית
73,פרטית
74,פרטית
75,פרטית
76,פרטית
77,ליסינג
78,פרטית
79,ליסינג
80,ליסינג
81,פרטית
82,פרטית
83,פרטית
84,ליסינג
85,פרטית
86,פרטית
87,פרטית
88,ליסינג
89,פרטית
90,פרטית
91,פרטית
92,פרטית
93,פרטית
94,ליסינג
95,פרטית
96,ליסינג
97,פרטית
98,פרטית
99,פרטית
100,פרטית
101,פרטית
102,פרטית
103,פרטית
104,פרטית
105,פרטית
106,פרטית
107,פרטית
108,פרטית
109,ליסינג
110,ליסינג
111,פרטית
112,ליסינג
113,פרטית
114,פרטית
115,פרטית
116,ליסינג
117,פרטית
118,פרטית
119,פרטית
120,פרטית
121,פרטית
122,פרטית
123,פרטית
124,ליסינג
125,פרטית
126,פרטית
127,פרטית
128,פרטית
129,ליסינג
130,ליסינג
131,פרטית
132,ליסינג
133,ליסינג
134,פרטית
135,פרטית
136,פרטית
137,פרטית
138,ליסינג
139,השכרה
140,פרטית
141,פרטית
142,פרטית
143,פרטית
144,פרטית
145,פרטית
146,פרטית
147,פרטית
148,השכרה
149,ליסינג
150,פרטית
151,ליסינג
152,פרטית
153,ליסינג
154,ליסינג
155,פרטית
156,פרטית
157,פרטית
158,ליסינג
159,השכרה
160,ליסינג
161,אחר
162,פרטית
163,פרטית
164,פרטית
165,פרטית
166,פרטית
167,פרטית
168,פרטית
169,פרטית
170,ליסינג
171,פרטית
172,פרטית
173,פרטית
174,פרטית
175,ליסינג
176,פרטית
177,פרטית
178,ליסינג
179,ליסינג
180,פרטית
181,פרטית
182,פרטית
183,ליסינג
184,ליסינג
185,פרטית
186,פרטית
187,ליסינג
188,פרטית
189,פרטית
190,פרטית
191,פרטית
192,ליסינג
193,פרטית
194,פרטית
195,פרטית
196,פרטית
197,ליסינג
198,פרטית
199,פרטית
200,פרטית
201,ליסינג
202,פרטית
203,פרטית
204,פרטית
205,פרטית
206,פרטית
207,פרטית
208,פרטית
209,ליסינג
210,פרטית
211,ליסינג
212,פרטית
213,ליסינג
214,ליסינג
215,ליסינג
216,פרטית
217,פרטית
218,פרטית
219,ליסינג
220,ליסינג
221,פרטית
222,פרטית
223,פרטית
224,פרטית
225,פרטית
226,ליסינג
227,פרטית
228,פרטית
229,ליסינג
230,פרטית
231,ליסינג
232,פרטית
233,ליסינג
234,פרטית
235,ליסינג
236,ליסינג
237,השכרה
238,אחר
239,פרטית
240,ליסינג
241,פרטית
242,פרטית
243,פרטית
244,פרטית
245,פרטית
246,פרטית
247,פרטית
248,פרטית
249,פרטית
250,פרטית
251,פרטית
252,פרטית
253,פרטית
254,פרטית
255,פרטית
256,פרטית
257,פרטית
258,פרטית
259,פרטית
260,פרטית
261,פרטית
262,פרטית
263,ליסינג
264,פרטית
265,פרטית
266,פרטית
267,ליסינג
268,פרטית
269,פרטית
270,פרטית
271,ליסינג
272,ליסינג
273,פרטית
274,פרטית
275,פרטית
276,פרטית
277,פרטית
278,פרטית
279,פרטית
280,אחר
281,פרטית
282,פרטית
283,ליסינג
284,פרטית
285,פרטית
286,השכרה
287,פרטית
288,פרטית
289,פרטית
290,ליסינג
291,ליסינג
292,פרטית
293,פרטית
294,השכרה
295,פרטית
296,פרטית
297,פרטית
298,פרטית
299,פרטית
300,פרטית
301,פרטית
302,פרטית
303,פרטית
304,ליסינג
305,פרטית
306,פרטית
307,פרטית
308,פרטית
309,פרטית
310,פרטית
311,ליסינג
312,פרטית
313,ליסינג
314,אחר
315,ליסינג
316,פרטית
317,פרטית
318,פרטית
319,פרטית
320,ליסינג
321,פרטית
322,ליסינג
323,פרטית
324,פרטית
325,ליסינג
326,פרטית
327,ליסינג
328,פרטית
329,פרטית
330,פרטית
331,פרטית
332,פרטית
333,פרטית
334,ליסינג
335,פרטית
336,פרטית
337,פרטית
338,ליסינג
339,פרטית
340,פרטית
341,פרטית
342,פרטית
343,פרטית
344,פרטית
345,פרטית
346,פרטית
347,ליסינג
348,ליסינג
349,פרטית
350,ליסינג
351,פרטית
352,פרטית
353,אחר
354,ליסינג
355,פרטית
356,השכרה
357,פרטית
358,פרטית
359,ליסינג
360,ליסינג
361,פרטית
362,פרטית
363,פרטית
364,ליסינג
365,פרטית
366,פרטית
367,פרטית
368,השכרה
369,פרטית
370,ליסינג
371,פרטית
372,פרטית
373,פרטית
374,פרטית
375,אחר
376,פרטית
377,ליסינג
378,פרטית
379,ליסינג
380,פרטית
381,פרטית
382,ליסינג
383,פרטית
384,פרטית
385,אחר
386,פרטית
387,פרטית
388,פרטית
389,ליסינג
390,ליסינג
391,פרטית
392,ליסינג
393,פרטית
394,פרטית
395,ליסינג
396,פרטית
397,ליסינג
398,ליסינג
399,ליסינג
400,פרטית
401,פרטית
402,פרטית
403,פרטית
404,פרטית
405,פרטית
406,ליסינג
407,פרטית
408,ליסינג
409,פרטית
410,פרטית
411,פרטית
412,פרטית
413,ליסינג
414,ליסינג
415,ליסינג
416,ליסינג
417,פרטית
418,פרטית
419,השכרה
420,ליסינג
421,השכרה
422,ליסינג
423,ליסינג
424,ליסינג
425,פרטית
426,פרטית
427,פרטית
428,פרטית
429,ליסינג
430,פרטית
431,פרטית
432,פרטית
433,פרטית
434,ליסינג
435,ליסינג
436,ליסינג
437,פרטית
438,פרטית
439,פרטית
440,ליסינג
441,פרטית
442,פרטית
443,ליסינג
444,פרטית
445,פרטית
446,ליסינג
447,פרטית
448,פרטית
449,פרטית
450,פרטית
451,ליסינג
452,פרטית
453,פרטית
454,ליסינג
455,פרטית
456,פרטית
457,פרטית
458,פרטית
459,פרטית
460,פרטית
461,פרטית
462,פרטית
463,ליסינג
464,ליסינג
465,פרטית
466,פרטית
467,פרטית
468,ליסינג
469,פרטית
470,פרטית
471,פרטית
472,פרטית
473,ליסינג
474,ליסינג
475,פרטית
476,ליסינג
477,פרטית
478,פרטית
479,פרטית
480,ליסינג
481,פרטית
482,פרטית
483,פרטית
484,ליסינג
485,פרטית
486,ליסינג
487,ליסינג
488,פרטית
489,פרטית
490,פרטית
491,פרטית
492,פרטית
493,ליסינג
494,פרטית
495,ליסינג
496,פרטית
497,ליסינג
498,פרטית
499,פרטית
500,פרטית
501,פרטית
502,פרטית
503,ליסינג
504,פרטית
505,ליסינג
506,פרטית
507,פרטית
508,פרטית
509,פרטית
510,פרטית
511,פרטית
512,ליסינג
513,פרטית
514,פרטית
515,פרטית
516,ליסינג
517,ליסינג
518,פרטית
519,אחר
520,ליסינג
521,ליסינג
522,פרטית
523,פרטית
524,פרטית
525,פרטית
526,פרטית
527,פרטית
528,ליסינג
529,פרטית
530,פרטית
531,פרטית
532,פרטית
533,פרטית
534,פרטית
535,ליסינג
536,פרטית
537,ליסינג
538,פרטית
539,פרטית
540,פרטית
541,ליסינג
542,ליסינג
543,פרטית
544,פרטית
545,פרטית
546,פרטית
547,פרטית
548,פרטית
549,ליסינג
550,פרטית
551,פרטית
552,פרטית
553,פרטית
554,אחר
555,השכרה
556,ליסינג
557,ליסינג
558,פרטית
559,פרטית
560,פרטית
561,אחר
562,ליסינג
563,פרטית
564,פרטית
565,פרטית
566,פרטית
567,ליסינג
568,אחר
569,ליסינג
570,פרטית
571,פרטית
572,ליסינג
573,פרטית
574,פרטית
575,ליסינג
576,אחר
577,ליסינג
578,פרטית
579,פרטית
580,פרטית
581,פרטית
582,פרטית
583,ליסינג
584,פרטית
585,פרטית
586,ליסינג
587,פרטית
588,פרטית
589,פרטית
590,פרטית
591,פרטית
592,פרטית
593,ליסינג
594,פרטית
595,פרטית
596,פרטית
597,פרטית
598,פרטית
599,ליסינג
600,פרטית
601,פרטית
602,ליסינג
603,פרטית
604,פרטית
605,ליסינג
606,פרטית
607,פרטית
608,פרטית
609,ליסינג
610,פרטית
611,ליסינג
612,ליסינג
613,פרטית
614,השכרה
615,ליסינג
616,ליסינג
617,פרטית
618,פרטית
619,ליסינג
620,פרטית
621,פרטית
622,ליסינג
623,פרטית
624,ליסינג
625,פרטית
626,פרטית
627,פרטית
628,ליסינג
629,פרטית
630,פרטית
631,אחר
632,ליסינג
633,פרטית
634,פרטית
635,ליסינג
636,פרטית
637,פרטית
638,ליסינג
639,פרטית
640,פרטית
641,פרטית
642,פרטית
643,ליסינג
644,ליסינג
645,אחר
646,פרטית
647,פרטית
648,פרטית
649,ליסינג
650,פרטית
651,פרטית
652,פרטית
653,פרטית
654,פרטית
655,פרטית
656,פרטית
657,פרטית
658,פרטית
659,פרטית
660,ליסינג
661,ליסינג
662,פרטית
663,פרטית
664,ליסינג
665,פרטית
666,ליסינג
667,ליסינג
668,פרטית
669,פרטית
670,ליסינג
671,פרטית
672,פרטית
673,פרטית
674,פרטית
675,פרטית
676,ליסינג
677,פרטית
678,פרטית
679,אחר
680,ליסינג
681,פרטית
682,פרטית
683,פרטית
684,פרטית
685,ליסינג
686,פרטית
687,אחר
688,פרטית
689,פרטית
690,ליסינג
691,ליסינג
692,פרטית
693,פרטית
694,פרטית
695,ליסינג
696,פרטית
697,פרטית
698,פרטית
699,ליסינג
700,פרטית
701,ליסינג
702,פרטית
703,ליסינג
704,ליסינג
705,פרטית
706,פרטית
707,פרטית
708,פרטית
709,פרטית
710,פרטית
711,פרטית
712,ליסינג
713,פרטית
714,פרטית
715,פרטית
716,פרטית
717,אחר
718,פרטית
719,פרטית
720,פרטית
721,פרטית
722,אחר
723,פרטית
724,פרטית
725,פרטית
726,פרטית
727,אחר
728,אחר
729,פרטית
730,פרטית
731,פרטית
732,פרטית
733,פרטית
734,ליסינג
735,פרטית
736,פרטית
737,פרטית
738,פרטית
739,פרטית
740,פרטית
741,פרטית
742,פרטית
743,פרטית
744,פרטית
745,פרטית
746,פרטית
747,פרטית
748,ליסינג
749,פרטית
750,פרטית
751,פרטית
752,פרטית
753,פרטית
754,פרטית
755,השכרה
756,פרטית
757,פרטית
758,פרטית
759,ליסינג
760,ליסינג
761,ליסינג
762,פרטית
763,פרטית
764,פרטית
765,ליסינג
766,פרטית
767,ליסינג
768,ליסינג
769,אחר
770,פרטית
771,פרטית
772,פרטית
773,פרטית
774,ליסינג
775,פרטית
776,פרטית
777,ליסינג
778,ליסינג
779,פרטית
780,אחר
781,ליסינג
782,פרטית
783,פרטית
784,פרטית
785,פרטית
786,ליסינג
787,פרטית
788,פרטית
789,ליסינג
790,פרטית
791,פרטית
792,פרטית
793,פרטית
794,ליסינג
795,ליסינג
796,פרטית
797,ליסינג
798,פרטית
799,ליסינג
800,פרטית
801,פרטית
802,ליסינג
803,ליסינג
804,ליסינג
805,פרטית
806,ליסינג
807,פרטית
808,פרטית
809,פרטית
810,פרטית
811,פרטית
812,פרטית
813,פרטית
814,ליסינג
815,אחר
816,פרטית
817,ליסינג
818,פרטית
819,ליסינג
820,פרטית
821,ליסינג
822,פרטית
823,פרטית
824,פרטית
825,ליסינג
826,פרטית
827,פרטית
828,פרטית
829,אחר
830,ליסינג
831,פרטית
832,פרטית
833,פרטית
834,פרטית
835,אחר
836,פרטית
837,פרטית
838,פרטית
839,פרטית
840,ליסינג
841,ליסינג
842,פרטית
843,פרטית
844,פרטית
845,פרטית
846,פרטית
847,פרטית
848,ליסינג
849,פרטית
850,ליסינג
851,ליסינג
852,ליסינג
853,פרטית
854,ליסינג
855,השכרה
856,פרטית
857,ליסינג
858,אחר
859,פרטית
860,ליסינג
861,פרטית
862,פרטית
863,ליסינג
864,פרטית
865,פרטית
866,פרטית
867,ליסינג
868,ליסינג
869,פרטית
870,פרטית
871,פרטית
872,פרטית
873,פרטית
874,פרטית
875,ליסינג
876,פרטית
877,פרטית
878,פרטית
879,פרטית
880,פרטית
881,ליסינג
882,פרטית
883,פרטית
884,פרטית
885,ליסינג
886,פרטית
887,פרטית
888,פרטית
889,פרטית
890,פרטית
891,פרטית
892,פרטית
893,השכרה
894,ליסינג
895,ליסינג
896,פרטית
897,ליסינג
898,ליסינג
899,פרטית
900,פרטית
901,פרטית
902,פרטית
903,פרטית
904,פרטית
905,אחר
906,פרטית
907,פרטית
908,פרטית
909,פרטית
910,פרטית
911,פרטית
912,פרטית
913,פרטית
914,ליסינג
915,פרטית
916,פרטית
917,ליסינג
918,פרטית
919,ליסינג
920,פרטית
921,פרטית
922,פרטית
923,פרטית
924,פרטית
925,ליסינג
926,פרטית
927,פרטית
928,ליסינג
929,פרטית
930,פרטית
931,השכרה
932,פרטית
933,פרטית
934,פרטית
935,ליסינג
936,פרטית
937,פרטית
938,פרטית
939,פרטית
940,פרטית
941,פרטית
942,פרטית
943,פרטית
944,פרטית
945,ליסינג
946,פרטית
947,פרטית
948,ליסינג
949,ליסינג
950,פרטית
951,אחר
952,ליסינג
953,ליסינג
954,ליסינג
955,פרטית
956,פרטית
957,פרטית
958,פרטית
959,פרטית
960,פרטית
961,ליסינג
962,פרטית
963,פרטית
964,פרטית
965,פרטית
966,פרטית
967,פרטית
968,פרטית
969,ליסינג
970,ליסינג
971,ליסינג
972,פרטית
973,פרטית
974,השכרה
975,פרטית
976,פרטית
977,ליסינג
978,ליסינג
979,פרטית
980,ליסינג
981,פרטית
982,ליסינג
983,פרטית
984,פרטית
985,פרטית
986,ליסינג
987,פרטית
988,פרטית
989,אחר
990,אחר
991,ליסינג
992,פרטית
993,ליסינג
994,פרטית
995,ליסינג
996,פרטית
997,פרטית
998,ליסינג
999,פרטית
1000,פרטית
1001,פרטית
1002,פרטית
1003,פרטית
1004,פרטית
1005,פרטית
1006,פרטית
1007,פרטית
1008,פרטית
1009,פרטית
1010,ליסינג
1011,ליסינג
1012,פרטית
1013,השכרה
1014,ליסינג
1015,אחר
1016,אחר
1017,פרטית
1018,פרטית
1019,ליסינג
1020,פרטית
1021,פרטית
1022,ליסינג
1023,פרטית
1024,פרטית
1025,פרטית
1026,ליסינג
1027,ליסינג
1028,ליסינג
1029,פרטית
1030,ליסינג
1031,ליסינג
1032,פרטית
1033,אחר
1034,ליסינג
1035,אחר
1036,פרטית
1037,פרטית
1038,פרטית
1039,פרטית
1040,פרטית
1041,פרטית
1042,פרטית
1043,פרטית
1044,ליסינג
1045,פרטית
1046,ליסינג
1047,ליסינג
1048,פרטית
1049,ליסינג
1050,פרטית
1051,אחר
1052,פרטית
1053,פרטית
1054,ליסינג
1055,ליסינג
1056,פרטית
1057,פרטית
1058,פרטית
1059,ליסינג
1060,ליסינג
1061,פרטית
1062,פרטית
1063,פרטית
1064,השכרה
1065,פרטית
1066,פרטית
1067,פרטית
1068,פרטית
1069,פרטית
1070,פרטית
1071,ליסינג
1072,פרטית
1073,פרטית
1074,פרטית
1075,פרטית
1076,פרטית
1077,פרטית
1078,פרטית
1079,ליסינג
1080,ליסינג
1081,פרטית
1082,השכרה
1083,פרטית
1084,פרטית
1085,ליסינג
1086,ליסינג
1087,ליסינג
1088,פרטית
1089,פרטית
1090,פרטית
1091,פרטית
1092,פרטית
1093,פרטית
1094,ליסינג
1095,ליסינג
1096,פרטית
1097,פרטית
1098,פרטית
1099,ליסינג
1100,אחר
1101,פרטית
1102,פרטית
1103,פרטית
1104,פרטית
1105,פרטית
1106,אחר
1107,פרטית
1108,פרטית
1109,פרטית
1110,ליסינג
1111,פרטית
1112,פרטית
1113,פרטית
1114,ליסינג
1115,פרטית
1116,ליסינג
1117,פרטית
1118,ליסינג
1119,פרטית
1120,פרטית
1121,ליסינג
1122,ליסינג
1123,פרטית
1124,פרטית
1125,פרטית
1126,פרטית
1127,ליסינג
1128,ליסינג
1129,ליסינג
1130,פרטית
1131,פרטית
1132,ליסינג
1133,פרטית
1134,פרטית
1135,פרטית
1136,פרטית
1137,פרטית
1138,ליסינג
1139,פרטית
1140,פרטית
1141,ליסינג
1142,פרטית
1143,ליסינג
1144,פרטית
1145,פרטית
1146,פרטית
1147,פרטית
1148,פרטית
1149,פרטית
1150,פרטית
1151,פרטית
1152,פרטית
1153,פרטית
1154,פרטית
1155,פרטית
1156,ליסינג
1157,פרטית
1158,פרטית
1159,פרטית
1160,אחר
1161,פרטית
1162,פרטית
1163,פרטית
1164,פרטית
1165,פרטית
1166,ליסינג
1167,ליסינג
1168,ליסינג
1169,ליסינג
1170,ליסינג
1171,ליסינג
1172,השכרה
1173,פרטית
1174,אחר
1175,פרטית
1176,ליסינג
1177,ליסינג
1178,פרטית
1179,השכרה
1180,ליסינג
1181,פרטית
1182,פרטית
1183,פרטית
1184,פרטית
1185,פרטית
1186,השכרה
1187,פרטית
1188,פרטית
1189,פרטית
1190,פרטית
1191,ליסינג
1192,פרטית
1193,פרטית
1194,פרטית
1195,פרטית
1196,ליסינג
1197,פרטית
1198,פרטית
1199,ליסינג
1200,פרטית
1201,פרטית
1202,ליסינג
1203,ליסינג
1204,פרטית
1205,ליסינג
1206,פרטית
1207,פרטית
1208,ליסינג
1209,פרטית
1210,ליסינג
1211,ליסינג
1212,פרטית
1213,פרטית
1214,ליסינג
1215,פרטית
1216,פרטית
1217,פרטית
1218,ליסינג
1219,ליסינג
1220,ליסינג
1221,פרטית
1222,ליסינג
1223,ליסינג
1224,פרטית
1225,פרטית
1226,אחר
1227,פרטית
1228,פרטית
1229,אחר
1230,ליסינג
1231,פרטית
1232,פרטית
1233,ליסינג
1234,פרטית
1235,פרטית
1236,השכרה
1237,פרטית
1238,ליסינג
1239,פרטית
1240,פרטית
1241,ליסינג
1242,פרטית
1243,השכרה
1244,ליסינג
1245,פרטית
1246,פרטית
1247,פרטית
1248,פרטית
1249,פרטית
1250,ליסינג
1251,פרטית
1252,ליסינג
1253,פרטית
1254,אחר
1255,אחר
1256,פרטית
1257,פרטית
1258,ליסינג
1259,ליסינג
1260,פרטית
1261,ליסינג
1262,פרטית
1263,פרטית
1264,ליסינג
1265,פרטית
1266,פרטית
1267,פרטית
1268,ליסינג
1269,ליסינג
1270,ליסינג
1271,פרטית
1272,פרטית
1273,ליסינג
1274,ליסינג
1275,פרטית
1276,פרטית
1277,פרטית
1278,ליסינג
1279,פרטית
1280,פרטית
1281,פרטית
1282,ליסינג
1283,פרטית
1284,ליסינג
1285,פרטית
1286,ליסינג
1287,פרטית
1288,פרטית
1289,ליסינג
1290,פרטית
1291,ליסינג
1292,פרטית
1293,ליסינג
1294,ליסינג
1295,אחר
1296,פרטית
1297,ליסינג
1298,פרטית
1299,פרטית
1300,פרטית
1301,פרטית
1302,פרטית
1303,פרטית
1304,פרטית
1305,פרטית
1306,ליסינג
1307,פרטית
1308,פרטית
1309,פרטית
1310,ליסינג
1311,ליסינג
1312,ליסינג
1313,פרטית
1314,פרטית
1315,פרטית
1316,פרטית
1317,ליסינג
1318,ליסינג
1319,פרטית
1320,ליסינג
1321,פרטית
1322,פרטית
1323,פרטית
1324,ליסינג
1325,פרטית
1326,אחר
1327,פרטית
1328,פרטית
1329,פרטית
1330,ליסינג
1331,פרטית
1332,ליסינג
1333,פרטית
1334,ליסינג
1335,פרטית
1336,ליסינג
1337,פרטית
1338,ליסינג
1339,פרטית
1340,ליסינג
1341,ליסינג
1342,פרטית
1343,פרטית
1344,פרטית
1345,פרטית
1346,אחר
1347,ליסינג
1348,פרטית
1349,ליסינג
1350,פרטית
1351,ליסינג
1352,פרטית
1353,פרטית
1354,ליסינג
1355,פרטית
1356,פרטית
1357,פרטית
1358,פרטית
1359,פרטית
1360,פרטית
1361,פרטית
1362,פרטית
1363,פרטית
1364,פרטית
1365,פרטית
1366,אחר
1367,פרטית
1368,אחר
1369,פרטית
1370,פרטית
1371,פרטית
1372,ליסינג
1373,ליסינג
1374,פרטית
1375,ליסינג
1376,ליסינג
1377,פרטית
1378,ליסינג
1379,פרטית
1380,פרטית
1381,אחר
1382,פרטית
1383,פרטית
1384,פרטית
1385,פרטית
1386,פרטית
1387,פרטית
1388,פרטית
1389,פרטית
1390,אחר
1391,פרטית
1392,ליסינג
1393,ליסינג
1394,פרטית
1395,ליסינג
1396,פרטית
1397,פרטית
1398,פרטית
1399,פרטית
1400,פרטית
1401,פרטית
1402,פרטית
1403,פרטית
1404,פרטית
1405,פרטית
1406,פרטית
1407,ליסינג
1408,פרטית
1409,פרטית
1410,השכרה
1411,פרטית
1412,פרטית
1413,פרטית
1414,פרטית
1415,ליסינג
1416,פרטית
1417,אחר
1418,פרטית
1419,פרטית
1420,פרטית
1421,השכרה
1422,פרטית
1423,אחר
1424,פרטית
1425,פרטית
1426,פרטית
1427,ליסינג
1428,פרטית
1429,ליסינג
1430,פרטית
1431,פרטית
1432,פרטית
1433,פרטית
1434,פרטית
1435,פרטית
1436,פרטית
1437,אחר
1438,פרטית
1439,ליסינג
1440,ליסינג
1441,פרטית
1442,פרטית
1443,פרטית
1444,ליסינג
1445,פרטית
1446,ליסינג
1447,ליסינג
1448,פרטית
1449,פרטית
1450,פרטית
1451,פרטית
1452,פרטית
1453,פרטית
1454,ליסינג
1455,ליסינג
1456,פרטית
1457,ליסינג
1458,פרטית
1459,פרטית
1460,פרטית
1461,ליסינג
1462,פרטית
1463,ליסינג
1464,ליסינג
1465,פרטית
1466,פרטית
1467,פרטית
1468,ליסינג
1469,פרטית
1470,פרטית
1471,פרטית
1472,פרטית
1473,פרטית
1474,פרטית
1475,ליסינג
1476,פרטית
1477,פרטית
1478,פרטית
1479,ליסינג
1480,פרטית
1481,פרטית
1482,פרטית
1483,פרטית
1484,פרטית
1485,פרטית
1486,פרטית
1487,פרטית
1488,פרטית
1489,פרטית
1490,פרטית
1491,פרטית
1492,ליסינג
1493,ליסינג
1494,פרטית
1495,פרטית
1496,פרטית
1497,פרטית
1498,ליסינג
1499,פרטית
1500,פרטית
1501,פרטית
1502,פרטית
1503,פרטית
1504,ליסינג
1505,פרטית
1506,פרטית
1507,פרטית
1508,פרטית
1509,אחר
1510,ליסינג
1511,פרטית
1512,פרטית
1513,אחר
1514,ליסינג
1515,פרטית
1516,פרטית
1517,פרטית
1518,פרטית
1519,ליסינג
1520,ליסינג
1521,פרטית
1522,ליסינג
1523,ליסינג
1524,ליסינג
1525,פרטית
1526,ליסינג
1527,פרטית
1528,אחר
1529,פרטית
1530,ליסינג
1531,ליסינג
1532,פרטית
1533,פרטית
1534,פרטית
1535,פרטית
1536,ליסינג
1537,ליסינג
1538,ליסינג
1539,פרטית
1540,ליסינג
1541,ליסינג
1542,פרטית
1543,פרטית
1544,פרטית
1545,ליסינג
1546,ליסינג
1547,אחר
1548,פרטית
1549,פרטית
1550,פרטית
1551,פרטית
1552,פרטית
1553,פרטית
1554,ליסינג
1555,פרטית
1556,פרטית
1557,ליסינג
1558,פרטית
1559,פרטית
1560,השכרה
1561,ליסינג
1562,פרטית
1563,פרטית
1564,פרטית
1565,פרטית
1566,פרטית
1567,ליסינג
1568,פרטית
1569,פרטית
1570,פרטית
1571,ליסינג
1572,פרטית
1573,פרטית
1574,פרטית
1575,ליסינג
1576,פרטית
1577,פרטית
1578,פרטית
1579,ליסינג
1580,ליסינג
1581,ליסינג
1582,ליסינג
1583,פרטית
1584,פרטית
1585,פרטית
1586,פרטית
1587,פרטית
1588,פרטית
1589,ליסינג
1590,ליסינג
1591,פרטית
1592,פרטית
1593,פרטית
1594,ליסינג
1595,אחר
1596,אחר
1597,פרטית
1598,פרטית
1599,פרטית
1600,ליסינג
1601,פרטית
1602,ליסינג
1603,פרטית
1604,פרטית
1605,פרטית
1606,פרטית
1607,פרטית
1608,ליסינג
1609,פרטית
1610,פרטית
1611,פרטית
1612,ליסינג
1613,ליסינג
1614,פרטית
1615,ליסינג
1616,פרטית
1617,פרטית
1618,פרטית
1619,פרטית
1620,פרטית
1621,השכרה
1622,פרטית
1623,פרטית
1624,פרטית
1625,ליסינג
1626,פרטית
1627,ליסינג
1628,ליסינג
1629,פרטית
1630,אחר
1631,פרטית
1632,פרטית
1633,פרטית
1634,ליסינג
1635,פרטית
1636,פרטית
1637,ליסינג
1638,ליסינג
1639,ליסינג
1640,אחר
1641,פרטית
1642,פרטית
1643,פרטית
1644,ליסינג
1645,ליסינג
1646,ליסינג
1647,פרטית
1648,ליסינג
1649,אחר
1650,ליסינג
1651,פרטית
1652,פרטית
1653,אחר
1654,פרטית
1655,פרטית
1656,פרטית
1657,פרטית
1658,פרטית
1659,פרטית
1660,ליסינג
1661,פרטית
1662,פרטית
1663,פרטית
1664,פרטית
1665,פרטית
1666,פרטית
1667,ליסינג
1668,פרטית
1669,פרטית
1670,השכרה
1671,פרטית
1672,פרטית
1673,פרטית
1674,פרטית
1675,פרטית
1676,פרטית
1677,פרטית
1678,פרטית
1679,ליסינג
1680,פרטית
1681,פרטית
1682,פרטית
1683,פרטית
1684,פרטית
1685,פרטית
1686,פרטית
1687,פרטית
1688,פרטית
1689,פרטית
1690,ליסינג
1691,פרטית
1692,ליסינג
1693,פרטית
1694,פרטית
1695,פרטית
1696,פרטית
1697,פרטית
1698,ליסינג
1699,פרטית
1700,ליסינג
1701,פרטית
1702,פרטית
1703,פרטית
1704,השכרה
1705,פרטית
1706,פרטית
1707,פרטית
1708,פרטית
1709,פרטית
1710,ליסינג
1711,ליסינג
1712,פרטית
1713,פרטית
1714,פרטית
1715,פרטית
1716,פרטית
1717,ליסינג
1718,פרטית
1719,ליסינג
1720,פרטית
1721,ליסינג
1722,ליסינג
1723,ליסינג
1724,פרטית
1725,פרטית
1726,ליסינג
1727,פרטית
1728,פרטית
1729,ליסינג
1730,ליסינג
1731,פרטית
1732,פרטית
1733,פרטית
1734,פרטית
1735,פרטית
1736,פרטית
1737,פרטית
1738,ליסינג
1739,ליסינג
1740,פרטית
1741,פרטית
1742,פרטית
1743,ליסינג
1744,פרטית
1745,פרטית
1746,ליסינג
1747,פרטית
1748,פרטית
1749,פרטית
1750,פרטית
1751,פרטית
1752,ליסינג
1753,פרטית
1754,פרטית
1755,פרטית
1756,פרטית
1757,פרטית
1758,פרטית
1759,פרטית
1760,ליסינג
1761,השכרה
1762,פרטית
1763,פרטית
1764,פרטית
1765,ליסינג
1766,פרטית
1767,ליסינג
1768,פרטית
1769,פרטית
1770,פרטית
1771,פרטית
1772,ליסינג
1773,ליסינג
1774,פרטית
1775,פרטית
1776,פרטית
1777,פרטית
1778,פרטית
1779,אחר
1780,ליסינג
1781,ליסינג
1782,פרטית
1783,ליסינג
1784,פרטית
1785,ליסינג
1786,פרטית
1787,פרטית
1788,פרטית
1789,ליסינג
1790,אחר
1791,ליסינג
1792,פרטית
1793,פרטית
1794,ליסינג
1795,פרטית
1796,פרטית
1797,אחר
1798,פרטית
1799,פרטית
1800,פרטית
1801,פרטית
1802,אחר
1803,פרטית
1804,פרטית
1805,פרטית
1806,ליסינג
1807,פרטית
1808,פרטית
1809,פרטית
1810,פרטית
1811,פרטית
1812,פרטית
1813,פרטית
1814,ליסינג
1815,פרטית
1816,פרטית
1817,אחר
1818,פרטית
1819,פרטית
1820,פרטית
1821,פרטית
1822,ליסינג
1823,ליסינג
1824,פרטית
1825,ליסינג
1826,פרטית
1827,פרטית
1828,ליסינג
1829,ליסינג
1830,פרטית
1831,ליסינג
1832,פרטית
1833,פרטית
1834,פרטית
1835,פרטית
1836,ליסינג
1837,פרטית
1838,פרטית
1839,פרטית
1840,פרטית
1841,ליסינג
1842,ליסינג
1843,פרטית
1844,ליסינג
1845,פרטית
1846,ליסינג
1847,פרטית
1848,ליסינג
1849,ליסינג
1850,ליסינג
1851,ליסינג
1852,פרטית
1853,פרטית
1854,ליסינג
1855,פרטית
1856,פרטית
1857,ליסינג
1858,פרטית
1859,פרטית
1860,פרטית
1861,ליסינג
1862,ליסינג
1863,פרטית
1864,פרטית
1865,ליסינג
1866,פרטית
1867,פרטית
1868,פרטית
1869,ליסינג
1870,פרטית
1871,ליסינג
1872,ליסינג
1873,פרטית
1874,ליסינג
1875,פרטית
1876,פרטית
1877,אחר
1878,פרטית
1879,ליסינג
1880,פרטית
1881,פרטית
1882,פרטית
1883,פרטית
1884,פרטית
1885,ליסינג
1886,פרטית
1887,פרטית
1888,פרטית
1889,פרטית
1890,פרטית
1891,פרטית
1892,פרטית
1893,ליסינג
1894,פרטית
1895,פרטית
1896,ליסינג
1897,פרטית
